date,close
1996-04-04,8.3
1996-04-05,8.3
1996-04-08,8.3
1996-04-09,8.3
1996-04-10,8.3
1996-04-11,8.3
1996-04-12,8.3
1996-04-15,8.3
1996-04-16,8.3
1996-04-17,8.3
1996-04-18,8.3
1996-04-19,8.3
1996-04-22,8.3
1996-04-23,7.889
1996-04-24,7.889
1996-04-25,7.871
1996-04-26,7.871
1996-04-29,7.871
1996-04-30,7.871
1996-05-01,7.871
1996-05-02,7.871
1996-05-03,7.871
1996-05-06,7.871
1996-05-07,7.656
1996-05-08,7.656
1996-05-09,7.872
1996-05-10,7.872
1996-05-13,7.871
1996-05-14,7.871
1996-05-15,6.756
1996-05-16,6.756
1996-05-17,6.756
1996-05-20,6.756
1996-05-21,7.799
1996-05-22,7.799
1996-05-23,7.799
1996-05-24,7.799
1996-05-27,8.086
1996-05-28,8.086
1996-05-29,8.086
1996-05-30,8.086
1996-05-31,8.086
1996-06-03,7.656
1996-06-04,7.656
1996-06-05,7.62
1996-06-06,7.674
1996-06-07,7.674
1996-06-10,7.656
1996-06-11,7.656
1996-06-12,7.656
1996-06-13,7.656
1996-06-14,7.656
1996-06-17,7.585
1996-06-18,7.674
1996-06-19,7.513
1996-06-20,7.513
1996-06-21,7.513
1996-06-24,7.585
1996-06-25,7.656
1996-06-26,7.656
1996-06-27,7.656
1996-06-28,7.656
1996-07-01,7.603
1996-07-02,7.633
1996-07-03,7.633
1996-07-04,7.656
1996-07-05,7.656
1996-07-08,7.871
1996-07-09,8.014
1996-07-10,7.874
1996-07-11,7.871
1996-07-12,7.871
1996-07-15,8.229
1996-07-16,8.242
1996-07-17,7.871
1996-07-18,8.287
1996-07-19,8.287
1996-07-22,8.163
1996-07-23,8.163
1996-07-24,7.871
1996-07-25,7.829
1996-07-26,7.829
1996-07-29,7.829
1996-07-30,7.829
1996-07-31,7.829
1996-08-01,7.829
1996-08-02,7.829
1996-08-05,7.585
1996-08-06,7.871
1996-08-07,7.633
1996-08-08,7.871
1996-08-09,7.871
1996-08-12,8.229
1996-08-13,8.229
1996-08-14,7.871
1996-08-15,7.871
1996-08-16,7.871
1996-08-19,7.871
1996-08-20,7.523
1996-08-21,7.585
1996-08-22,7.585
1996-08-23,7.585
1996-08-26,8.239
1996-08-27,8.521
1996-08-28,8.3
1996-08-29,8.515
1996-08-30,8.515
1996-09-02,8.229
1996-09-03,8.229
1996-09-04,8.229
1996-09-05,8.229
1996-09-06,8.229
1996-09-09,8.57
1996-09-10,8.931
1996-09-11,8.586
1996-09-12,8.588
1996-09-13,8.588
1996-09-16,8.658
1996-09-17,8.586
1996-09-18,8.676
1996-09-19,8.801
1996-09-20,8.801
1996-09-23,8.701
1996-09-24,8.586
1996-09-25,8.586
1996-09-26,8.229
1996-09-27,8.229
1996-09-30,8.443
1996-10-01,8.443
1996-10-02,8.443
1996-10-03,8.443
1996-10-04,8.443
1996-10-07,9.925
1996-10-08,9.731
1996-10-09,9.731
1996-10-10,9.731
1996-10-11,9.731
1996-10-14,9.731
1996-10-15,9.731
1996-10-16,11.019
1996-10-17,10.638
1996-10-18,10.638
1996-10-21,10.128
1996-10-22,10.128
1996-10-23,9.159
1996-10-24,9.159
1996-10-25,9.159
1996-10-28,8.831
1996-10-29,9.606
1996-10-30,10.518
1996-10-31,11.57
1996-11-01,11.57
1996-11-04,15.313
1996-11-05,16.844
1996-11-06,15.159
1996-11-07,15.159
1996-11-08,15.159
1996-11-11,15.838
1996-11-12,16.63
1996-11-13,17.461
1996-11-14,18.33
1996-11-15,18.33
1996-11-18,18.284
1996-11-19,17.37
1996-11-20,17.37
1996-11-21,17.37
1996-11-22,17.37
1996-11-25,15.676
1996-11-26,14.892
1996-11-27,14.148
1996-11-28,13.44
1996-11-29,13.44
1996-12-02,14.077
1996-12-03,13.373
1996-12-04,12.704
1996-12-05,12.069
1996-12-06,12.069
1996-12-09,11.466
1996-12-10,12.039
1996-12-11,12.641
1996-12-12,13.273
1996-12-13,13.273
1996-12-16,13.936
1996-12-17,14.633
1996-12-18,15.365
1996-12-19,15.179
1996-12-20,15.179
1996-12-23,13.015
1996-12-24,12.364
1996-12-25,12.364
1996-12-26,11.746
1996-12-27,11.746
1996-12-30,12.333
1996-12-31,12.333
1997-01-01,12.333
1997-01-02,13.567
1997-01-03,13.567
1997-01-06,12.88
1997-01-07,12.737
1997-01-08,12.164
1997-01-09,12.176
1997-01-10,12.176
1997-01-13,11.162
1997-01-14,11.162
1997-01-15,11.162
1997-01-16,11.449
1997-01-17,11.449
1997-01-20,10.805
1997-01-21,10.733
1997-01-22,10.733
1997-01-23,10.733
1997-01-24,10.733
1997-01-27,10.733
1997-01-28,10.375
1997-01-29,10.375
1997-01-30,11.377
1997-01-31,11.377
1997-02-03,11.449
1997-02-04,11.592
1997-02-05,11.592
1997-02-06,11.592
1997-02-07,11.592
1997-02-10,11.592
1997-02-11,11.592
1997-02-12,11.592
1997-02-13,11.592
1997-02-14,11.592
1997-02-17,11.914
1997-02-18,11.914
1997-02-19,11.914
1997-02-20,11.914
1997-02-21,12.164
1997-02-24,12.164
1997-02-25,12.522
1997-02-26,12.522
1997-02-27,12.522
1997-02-28,12.522
1997-03-03,11.889
1997-03-04,11.449
1997-03-05,11.449
1997-03-06,11.449
1997-03-07,11.449
1997-03-10,11.449
1997-03-11,11.449
1997-03-12,11.449
1997-03-13,11.449
1997-03-14,11.449
1997-03-17,11.449
1997-03-18,11.162
1997-03-19,9.445
1997-03-20,9.445
1997-03-21,9.445
1997-03-24,9.016
1997-03-25,9.016
1997-03-26,9.016
1997-03-27,9.016
1997-03-28,9.016
1997-03-31,9.016
1997-04-01,9.016
1997-04-02,8.944
1997-04-03,8.944
1997-04-04,8.944
1997-04-07,9.688
1997-04-08,9.481
1997-04-09,9.481
1997-04-10,9.481
1997-04-11,9.481
1997-04-14,9.481
1997-04-15,9.087
1997-04-16,9.087
1997-04-17,9.087
1997-04-18,9.087
1997-04-21,9.087
1997-04-22,9.087
1997-04-23,9.087
1997-04-24,8.944
1997-04-25,8.944
1997-04-28,7.871
1997-04-29,8.586
1997-04-30,8.274
1997-05-01,8.274
1997-05-02,8.274
1997-05-05,8.698
1997-05-06,8.577
1997-05-07,8.577
1997-05-08,8.849
1997-05-09,8.849
1997-05-12,8.849
1997-05-13,8.844
1997-05-14,8.607
1997-05-15,8.607
1997-05-16,8.607
1997-05-19,8.607
1997-05-20,9.159
1997-05-21,9.159
1997-05-22,9.374
1997-05-23,9.374
1997-05-26,9.159
1997-05-27,9.302
1997-05-28,9.302
1997-05-29,8.944
1997-05-30,8.944
1997-06-02,8.794
1997-06-03,8.794
1997-06-04,8.586
1997-06-05,8.586
1997-06-06,8.586
1997-06-09,8.372
1997-06-10,8.429
1997-06-11,8.372
1997-06-12,8.372
1997-06-13,8.372
1997-06-16,8.372
1997-06-17,8.372
1997-06-18,8.491
1997-06-19,8.491
1997-06-20,8.491
1997-06-23,9.016
1997-06-24,9.23
1997-06-25,9.182
1997-06-26,9.195
1997-06-27,9.195
1997-06-30,9.66
1997-07-01,9.66
1997-07-02,9.66
1997-07-03,9.66
1997-07-04,9.66
1997-07-07,8.73
1997-07-08,8.968
1997-07-09,8.859
1997-07-10,8.908
1997-07-11,8.908
1997-07-14,8.837
1997-07-15,8.837
1997-07-16,8.921
1997-07-17,8.921
1997-07-18,8.921
1997-07-21,8.921
1997-07-22,8.921
1997-07-23,8.921
1997-07-24,8.921
1997-07-25,8.921
1997-07-28,8.563
1997-07-29,8.563
1997-07-30,8.563
1997-07-31,8.563
1997-08-01,8.563
1997-08-04,8.563
1997-08-05,8.563
1997-08-06,8.563
1997-08-07,8.563
1997-08-08,8.563
1997-08-11,8.563
1997-08-12,7.728
1997-08-13,7.728
1997-08-14,7.871
1997-08-15,7.871
1997-08-18,7.281
1997-08-19,7.942
1997-08-20,8.225
1997-08-21,8.225
1997-08-22,8.225
1997-08-25,8.225
1997-08-26,8.225
1997-08-27,8.225
1997-08-28,8.225
1997-08-29,8.225
1997-09-01,7.799
1997-09-02,7.656
1997-09-03,8.286
1997-09-04,8.372
1997-09-05,8.372
1997-09-08,8.372
1997-09-09,8.372
1997-09-10,8.086
1997-09-11,8.086
1997-09-12,8.086
1997-09-15,8.086
1997-09-16,8.086
1997-09-17,8.086
1997-09-18,8.72
1997-09-19,8.72
1997-09-22,9.031
1997-09-23,8.252
1997-09-24,8.324
1997-09-25,8.324
1997-09-26,8.324
1997-09-29,8.801
1997-09-30,9.0
1997-10-01,9.445
1997-10-02,9.445
1997-10-03,9.445
1997-10-06,8.662
1997-10-07,8.476
1997-10-08,8.229
1997-10-09,7.978
1997-10-10,7.978
1997-10-13,7.823
1997-10-14,8.088
1997-10-15,8.435
1997-10-16,8.443
1997-10-17,8.443
1997-10-20,7.942
1997-10-21,7.835
1997-10-22,7.785
1997-10-23,8.045
1997-10-24,8.045
1997-10-27,7.978
1997-10-28,7.422
1997-10-29,7.422
1997-10-30,7.286
1997-10-31,7.286
1997-11-03,7.86
1997-11-04,7.86
1997-11-05,7.829
1997-11-06,7.74
1997-11-07,7.74
1997-11-10,8.123
1997-11-11,7.942
1997-11-12,7.978
1997-11-13,7.9
1997-11-14,7.9
1997-11-17,7.946
1997-11-18,7.776
1997-11-19,7.776
1997-11-20,7.776
1997-11-21,7.776
1997-11-24,7.477
1997-11-25,7.62
1997-11-26,7.666
1997-11-27,7.824
1997-11-28,7.824
1997-12-01,7.838
1997-12-02,7.912
1997-12-03,7.761
1997-12-04,7.699
1997-12-05,7.699
1997-12-08,7.699
1997-12-09,7.699
1997-12-10,7.699
1997-12-11,7.699
1997-12-12,7.699
1997-12-15,7.513
1997-12-16,7.513
1997-12-17,7.549
1997-12-18,7.549
1997-12-19,7.549
1997-12-22,7.366
1997-12-23,7.47
1997-12-24,7.513
1997-12-25,7.513
1997-12-26,7.513
1997-12-29,7.477
1997-12-30,7.477
1997-12-31,7.477
1998-01-01,7.477
1998-01-02,7.477
1998-01-05,7.495
1998-01-06,7.298
1998-01-07,7.513
1998-01-08,7.298
1998-01-09,7.298
1998-01-12,7.205
1998-01-13,7.205
1998-01-14,6.75
1998-01-15,6.708
1998-01-16,6.708
1998-01-19,6.708
1998-01-20,6.672
1998-01-21,6.672
1998-01-22,6.672
1998-01-23,6.672
1998-01-26,6.655
1998-01-27,6.655
1998-01-28,7.155
1998-01-29,7.155
1998-01-30,7.155
1998-02-02,7.173
1998-02-03,7.155
1998-02-04,7.084
1998-02-05,6.989
1998-02-06,6.989
1998-02-09,6.798
1998-02-10,6.798
1998-02-11,6.619
1998-02-12,6.655
1998-02-13,6.655
1998-02-16,6.655
1998-02-17,6.655
1998-02-18,6.456
1998-02-19,6.458
1998-02-20,6.458
1998-02-23,6.378
1998-02-24,6.44
1998-02-25,6.418
1998-02-26,6.358
1998-02-27,6.358
1998-03-02,6.342
1998-03-03,6.342
1998-03-04,6.342
1998-03-05,6.342
1998-03-06,6.342
1998-03-09,6.136
1998-03-10,6.127
1998-03-11,6.225
1998-03-12,6.373
1998-03-13,6.373
1998-03-16,6.422
1998-03-17,6.422
1998-03-18,6.601
1998-03-19,6.905
1998-03-20,6.905
1998-03-23,6.905
1998-03-24,6.905
1998-03-25,6.905
1998-03-26,6.905
1998-03-27,6.905
1998-03-30,6.35
1998-03-31,6.404
1998-04-01,6.404
1998-04-02,6.404
1998-04-03,6.404
1998-04-06,6.404
1998-04-07,6.404
1998-04-08,6.404
1998-04-09,6.404
1998-04-10,6.404
1998-04-13,6.404
1998-04-14,6.404
1998-04-15,6.404
1998-04-16,6.404
1998-04-17,6.404
1998-04-20,6.404
1998-04-21,6.404
1998-04-22,7.012
1998-04-23,7.012
1998-04-24,7.012
1998-04-27,7.1
1998-04-28,7.219
1998-04-29,7.155
1998-04-30,7.155
1998-05-01,7.155
1998-05-04,7.155
1998-05-05,7.155
1998-05-06,7.155
1998-05-07,7.155
1998-05-08,7.155
1998-05-11,7.155
1998-05-12,7.165
1998-05-13,7.165
1998-05-14,7.155
1998-05-15,7.155
1998-05-18,7.155
1998-05-19,7.155
1998-05-20,6.154
1998-05-21,6.154
1998-05-22,6.154
1998-05-25,6.189
1998-05-26,6.261
1998-05-27,6.261
1998-05-28,6.261
1998-05-29,6.261
1998-06-01,6.914
1998-06-02,7.145
1998-06-03,7.245
1998-06-04,7.428
1998-06-05,7.428
1998-06-08,7.155
1998-06-09,7.155
1998-06-10,7.155
1998-06-11,7.155
1998-06-12,7.155
1998-06-15,6.968
1998-06-16,6.968
1998-06-17,6.941
1998-06-18,6.941
1998-06-19,6.941
1998-06-22,6.798
1998-06-23,6.798
1998-06-24,6.798
1998-06-25,6.81
1998-06-26,6.81
1998-06-29,6.81
1998-06-30,6.905
1998-07-01,6.905
1998-07-02,6.905
1998-07-03,6.905
1998-07-06,7.093
1998-07-07,7.093
1998-07-08,7.093
1998-07-09,7.012
1998-07-10,7.012
1998-07-13,7.155
1998-07-14,7.155
1998-07-15,7.155
1998-07-16,7.155
1998-07-17,7.155
1998-07-20,7.155
1998-07-21,7.155
1998-07-22,7.203
1998-07-23,7.406
1998-07-24,7.406
1998-07-27,7.442
1998-07-28,7.442
1998-07-29,7.227
1998-07-30,7.227
1998-07-31,7.227
1998-08-03,7.227
1998-08-04,7.227
1998-08-05,7.227
1998-08-06,7.298
1998-08-07,7.298
1998-08-10,7.012
1998-08-11,7.012
1998-08-12,6.798
1998-08-13,6.798
1998-08-14,6.798
1998-08-17,6.798
1998-08-18,6.798
1998-08-19,6.798
1998-08-20,6.887
1998-08-21,6.887
1998-08-24,6.762
1998-08-25,6.833
1998-08-26,6.368
1998-08-27,6.494
1998-08-28,6.494
1998-08-31,6.44
1998-09-01,6.225
1998-09-02,6.35
1998-09-03,6.44
1998-09-04,6.44
1998-09-07,6.476
1998-09-08,6.082
1998-09-09,6.082
1998-09-10,6.297
1998-09-11,6.297
1998-09-14,5.939
1998-09-15,5.367
1998-09-16,5.367
1998-09-17,5.51
1998-09-18,5.51
1998-09-21,5.51
1998-09-22,5.724
1998-09-23,5.724
1998-09-24,5.581
1998-09-25,5.581
1998-09-28,6.011
1998-09-29,5.724
1998-09-30,5.724
1998-10-01,5.724
1998-10-02,5.724
1998-10-05,5.724
1998-10-06,5.724
1998-10-07,5.152
1998-10-08,5.152
1998-10-09,5.152
1998-10-12,5.152
1998-10-13,5.152
1998-10-14,5.152
1998-10-15,5.152
1998-10-16,5.152
1998-10-19,5.617
1998-10-20,5.617
1998-10-21,5.617
1998-10-22,5.617
1998-10-23,5.617
1998-10-26,5.617
1998-10-27,5.617
1998-10-28,5.617
1998-10-29,5.617
1998-10-30,5.617
1998-11-02,5.617
1998-11-03,5.617
1998-11-04,5.617
1998-11-05,5.617
1998-11-06,5.617
1998-11-09,5.617
1998-11-10,5.617
1998-11-11,5.617
1998-11-12,5.617
1998-11-13,5.617
1998-11-16,5.617
1998-11-17,5.617
1998-11-18,5.617
1998-11-19,5.617
1998-11-20,5.617
1998-11-23,5.617
1998-11-24,5.617
1998-11-25,5.617
1998-11-26,6.082
1998-11-27,6.082
1998-11-30,7.37
1998-12-01,6.511
1998-12-02,6.511
1998-12-03,6.511
1998-12-04,6.511
1998-12-07,5.885
1998-12-08,5.295
1998-12-09,5.009
1998-12-10,4.83
1998-12-11,4.83
1998-12-14,5.152
1998-12-15,5.152
1998-12-16,5.152
1998-12-17,5.098
1998-12-18,5.098
1998-12-21,5.098
1998-12-22,4.866
1998-12-23,5.152
1998-12-24,5.152
1998-12-25,5.152
1998-12-28,5.009
1998-12-29,5.009
1998-12-30,5.009
1998-12-31,5.009
1999-01-01,5.009
1999-01-04,4.597
1999-01-05,4.615
1999-01-06,4.615
1999-01-07,4.615
1999-01-08,4.615
1999-01-11,5.206
1999-01-12,5.545
1999-01-13,6.082
1999-01-14,6.35
1999-01-15,6.35
1999-01-18,6.35
1999-01-19,6.35
1999-01-20,6.35
1999-01-21,6.35
1999-01-22,6.35
1999-01-25,6.297
1999-01-26,6.297
1999-01-27,6.279
1999-01-28,6.279
1999-01-29,6.279
1999-02-01,6.1
1999-02-02,6.1
1999-02-03,6.1
1999-02-04,6.1
1999-02-05,6.1
1999-02-08,6.708
1999-02-09,6.708
1999-02-10,6.708
1999-02-11,6.708
1999-02-12,6.708
1999-02-15,6.44
1999-02-16,6.44
1999-02-17,6.44
1999-02-18,5.796
1999-02-19,5.796
1999-02-22,6.189
1999-02-23,6.189
1999-02-24,6.189
1999-02-25,6.189
1999-02-26,6.189
1999-03-01,5.867
1999-03-02,5.867
1999-03-03,5.867
1999-03-04,6.297
1999-03-05,6.297
1999-03-08,6.583
1999-03-09,6.708
1999-03-10,6.708
1999-03-11,6.708
1999-03-12,6.708
1999-03-15,6.726
1999-03-16,6.708
1999-03-17,6.708
1999-03-18,6.082
1999-03-19,6.082
1999-03-22,6.046
1999-03-23,6.172
1999-03-24,6.333
1999-03-25,6.333
1999-03-26,6.333
1999-03-29,6.333
1999-03-30,6.333
1999-03-31,6.315
1999-04-01,6.315
1999-04-02,6.315
1999-04-05,6.458
1999-04-06,6.082
1999-04-07,6.458
1999-04-08,6.333
1999-04-09,6.333
1999-04-12,6.976
1999-04-13,6.744
1999-04-14,6.744
1999-04-15,6.744
1999-04-16,6.744
1999-04-19,6.136
1999-04-20,6.136
1999-04-21,6.136
1999-04-22,6.154
1999-04-23,6.154
1999-04-26,5.939
1999-04-27,5.939
1999-04-28,5.939
1999-04-29,5.939
1999-04-30,5.939
1999-05-03,6.028
1999-05-04,6.028
1999-05-05,6.028
1999-05-06,6.028
1999-05-07,6.028
1999-05-10,6.028
1999-05-11,6.028
1999-05-12,6.082
1999-05-13,6.046
1999-05-14,6.046
1999-05-17,6.368
1999-05-18,6.44
1999-05-19,6.154
1999-05-20,6.154
1999-05-21,6.154
1999-05-24,6.368
1999-05-25,6.368
1999-05-26,6.368
1999-05-27,6.368
1999-05-28,6.368
1999-05-31,6.368
1999-06-01,6.368
1999-06-02,6.368
1999-06-03,6.368
1999-06-04,6.368
1999-06-07,6.368
1999-06-08,6.368
1999-06-09,6.368
1999-06-10,6.154
1999-06-11,6.154
1999-06-14,6.225
1999-06-15,6.225
1999-06-16,6.225
1999-06-17,6.422
1999-06-18,6.422
1999-06-21,6.762
1999-06-22,6.69
1999-06-23,6.78
1999-06-24,6.815
1999-06-25,6.815
1999-06-28,7.03
1999-06-29,7.513
1999-06-30,7.567
1999-07-01,7.567
1999-07-02,7.567
1999-07-05,6.297
1999-07-06,6.297
1999-07-07,6.297
1999-07-08,6.297
1999-07-09,6.297
1999-07-12,6.118
1999-07-13,6.118
1999-07-14,6.368
1999-07-15,6.368
1999-07-16,6.368
1999-07-19,6.458
1999-07-20,6.458
1999-07-21,6.458
1999-07-22,6.458
1999-07-23,6.458
1999-07-26,6.458
1999-07-27,6.458
1999-07-28,6.458
1999-07-29,6.655
1999-07-30,6.655
1999-08-02,6.69
1999-08-03,6.69
1999-08-04,6.189
1999-08-05,6.511
1999-08-06,6.511
1999-08-09,6.225
1999-08-10,6.798
1999-08-11,6.44
1999-08-12,6.44
1999-08-13,6.44
1999-08-16,6.44
1999-08-17,6.44
1999-08-18,6.44
1999-08-19,6.69
1999-08-20,6.69
1999-08-23,6.225
1999-08-24,6.225
1999-08-25,6.225
1999-08-26,6.333
1999-08-27,6.333
1999-08-30,6.082
1999-08-31,6.046
1999-09-01,6.404
1999-09-02,6.404
1999-09-03,6.404
1999-09-06,6.118
1999-09-07,6.118
1999-09-08,6.118
1999-09-09,6.118
1999-09-10,6.118
1999-09-13,6.118
1999-09-14,6.118
1999-09-15,6.118
1999-09-16,6.118
1999-09-17,6.118
1999-09-20,6.1
1999-09-21,6.1
1999-09-22,6.082
1999-09-23,6.887
1999-09-24,6.887
1999-09-27,6.798
1999-09-28,6.565
1999-09-29,6.118
1999-09-30,6.118
1999-10-01,6.118
1999-10-04,5.993
1999-10-05,5.993
1999-10-06,5.921
1999-10-07,5.903
1999-10-08,5.903
1999-10-11,6.422
1999-10-12,6.1
1999-10-13,6.082
1999-10-14,6.082
1999-10-15,6.082
1999-10-18,6.619
1999-10-19,6.44
1999-10-20,6.44
1999-10-21,6.44
1999-10-22,6.44
1999-10-25,6.44
1999-10-26,6.297
1999-10-27,6.297
1999-10-28,6.297
1999-10-29,6.297
1999-11-01,6.297
1999-11-02,6.297
1999-11-03,6.297
1999-11-04,6.154
1999-11-05,6.154
1999-11-08,6.154
1999-11-09,6.154
1999-11-10,6.082
1999-11-11,5.957
1999-11-12,5.957
1999-11-15,5.957
1999-11-16,5.957
1999-11-17,5.724
1999-11-18,5.724
1999-11-19,5.724
1999-11-22,5.724
1999-11-23,5.724
1999-11-24,5.724
1999-11-25,5.724
1999-11-26,5.724
1999-11-29,5.563
1999-11-30,5.563
1999-12-01,5.563
1999-12-02,5.563
1999-12-03,5.563
1999-12-06,5.563
1999-12-07,5.563
1999-12-08,5.563
1999-12-09,5.563
1999-12-10,5.563
1999-12-13,5.563
1999-12-14,5.563
1999-12-15,5.563
1999-12-16,5.563
1999-12-17,5.563
1999-12-20,5.563
1999-12-21,5.563
1999-12-22,5.563
1999-12-23,5.563
1999-12-24,5.563
1999-12-27,5.563
1999-12-28,5.563
1999-12-29,5.563
1999-12-30,5.563
1999-12-31,5.563
2000-01-03,5.563
2000-01-04,5.563
2000-01-05,5.563
2000-01-06,5.563
2000-01-07,5.563
2000-01-10,5.563
2000-01-11,5.563
2000-01-12,5.563
2000-01-13,5.563
2000-01-14,5.563
2000-01-17,5.724
2000-01-18,5.724
2000-01-19,5.724
2000-01-20,5.724
2000-01-21,5.724
2000-01-24,5.152
2000-01-25,5.152
2000-01-26,5.152
2000-01-27,5.152
2000-01-28,5.152
2000-01-31,5.045
2000-02-01,5.045
2000-02-02,5.045
2000-02-03,5.045
2000-02-04,5.045
2000-02-07,4.812
2000-02-08,4.812
2000-02-09,4.508
2000-02-10,4.49
2000-02-11,4.49
2000-02-14,4.651
2000-02-15,4.651
2000-02-16,4.651
2000-02-17,4.651
2000-02-18,4.651
2000-02-21,4.651
2000-02-22,4.651
2000-02-23,4.651
2000-02-24,4.651
2000-02-25,4.651
2000-02-28,4.383
2000-02-29,4.025
2000-03-01,4.15
2000-03-02,4.705
2000-03-03,4.705
2000-03-06,5.581
2000-03-07,5.08
2000-03-08,5.08
2000-03-09,5.08
2000-03-10,5.08
2000-03-13,4.597
2000-03-14,4.597
2000-03-15,4.597
2000-03-16,4.597
2000-03-17,4.597
2000-03-20,4.597
2000-03-21,4.651
2000-03-22,4.651
2000-03-23,4.651
2000-03-24,4.651
2000-03-27,4.651
2000-03-28,5.009
2000-03-29,5.009
2000-03-30,5.009
2000-03-31,5.009
2000-04-03,5.438
2000-04-04,5.438
2000-04-05,5.438
2000-04-06,5.438
2000-04-07,5.438
2000-04-10,4.937
2000-04-11,4.651
2000-04-12,4.651
2000-04-13,4.651
2000-04-14,4.651
2000-04-17,4.687
2000-04-18,4.705
2000-04-19,5.009
2000-04-20,5.009
2000-04-21,5.009
2000-04-24,4.812
2000-04-25,4.812
2000-04-26,4.812
2000-04-27,4.812
2000-04-28,4.812
2000-05-01,4.812
2000-05-02,4.812
2000-05-03,4.812
2000-05-04,4.776
2000-05-05,4.776
2000-05-08,4.83
2000-05-09,4.83
2000-05-10,4.83
2000-05-11,4.83
2000-05-12,4.83
2000-05-15,5.062
2000-05-16,5.062
2000-05-17,5.062
2000-05-18,4.83
2000-05-19,4.83
2000-05-22,4.901
2000-05-23,4.901
2000-05-24,4.901
2000-05-25,4.991
2000-05-26,4.991
2000-05-29,4.866
2000-05-30,4.937
2000-05-31,4.705
2000-06-01,4.919
2000-06-02,4.919
2000-06-05,5.098
2000-06-06,5.492
2000-06-07,5.796
2000-06-08,5.474
2000-06-09,5.474
2000-06-12,5.617
2000-06-13,5.671
2000-06-14,5.689
2000-06-15,5.689
2000-06-16,5.689
2000-06-19,5.975
2000-06-20,5.975
2000-06-21,6.028
2000-06-22,6.207
2000-06-23,6.207
2000-06-26,6.44
2000-06-27,6.44
2000-06-28,6.905
2000-06-29,6.565
2000-06-30,6.565
2000-07-03,5.671
2000-07-04,5.867
2000-07-05,6.297
2000-07-06,6.297
2000-07-07,6.297
2000-07-10,7.084
2000-07-11,6.404
2000-07-12,6.44
2000-07-13,6.601
2000-07-14,6.601
2000-07-17,6.798
2000-07-18,6.458
2000-07-19,6.798
2000-07-20,6.637
2000-07-21,6.637
2000-07-24,6.655
2000-07-25,6.655
2000-07-26,6.082
2000-07-27,6.082
2000-07-28,6.082
2000-07-31,6.565
2000-08-01,7.012
2000-08-02,7.048
2000-08-03,7.155
2000-08-04,7.155
2000-08-07,7.155
2000-08-08,7.155
2000-08-09,7.155
2000-08-10,7.155
2000-08-11,7.155
2000-08-14,6.601
2000-08-15,6.601
2000-08-16,6.601
2000-08-17,6.601
2000-08-18,6.601
2000-08-21,7.084
2000-08-22,7.084
2000-08-23,7.03
2000-08-24,6.726
2000-08-25,6.726
2000-08-28,6.726
2000-08-29,6.798
2000-08-30,6.798
2000-08-31,7.012
2000-09-01,7.012
2000-09-04,6.959
2000-09-05,7.281
2000-09-06,6.976
2000-09-07,6.976
2000-09-08,6.976
2000-09-11,6.976
2000-09-12,6.976
2000-09-13,6.976
2000-09-14,6.976
2000-09-15,6.976
2000-09-18,6.976
2000-09-19,6.976
2000-09-20,6.976
2000-09-21,6.976
2000-09-22,6.976
2000-09-25,6.297
2000-09-26,6.154
2000-09-27,6.118
2000-09-28,6.118
2000-09-29,6.118
2000-10-02,5.957
2000-10-03,5.957
2000-10-04,5.957
2000-10-05,5.957
2000-10-06,5.957
2000-10-09,5.671
2000-10-10,5.832
2000-10-11,5.867
2000-10-12,5.885
2000-10-13,5.885
2000-10-16,6.082
2000-10-17,6.082
2000-10-18,5.724
2000-10-19,5.724
2000-10-20,5.724
2000-10-23,5.581
2000-10-24,5.581
2000-10-25,5.581
2000-10-26,5.617
2000-10-27,5.617
2000-10-30,5.635
2000-10-31,5.635
2000-11-01,5.581
2000-11-02,5.581
2000-11-03,5.581
2000-11-06,5.563
2000-11-07,5.653
2000-11-08,5.653
2000-11-09,5.653
2000-11-10,5.653
2000-11-13,5.724
2000-11-14,5.724
2000-11-15,5.724
2000-11-16,5.724
2000-11-17,5.724
2000-11-20,5.581
2000-11-21,5.581
2000-11-22,5.581
2000-11-23,5.259
2000-11-24,5.259
2000-11-27,5.259
2000-11-28,5.277
2000-11-29,5.277
2000-11-30,5.277
2000-12-01,5.277
2000-12-04,5.277
2000-12-05,5.277
2000-12-06,5.277
2000-12-07,5.295
2000-12-08,5.295
2000-12-11,5.295
2000-12-12,5.295
2000-12-13,5.295
2000-12-14,5.295
2000-12-15,5.295
2000-12-18,5.295
2000-12-19,5.295
2000-12-20,5.295
2000-12-21,5.152
2000-12-22,5.152
2000-12-25,5.152
2000-12-26,5.152
2000-12-27,5.152
2000-12-28,5.152
2000-12-29,5.152
2001-01-01,5.152
2001-01-02,5.152
2001-01-03,5.152
2001-01-04,5.152
2001-01-05,5.152
2001-01-08,5.152
2001-01-09,5.152
2001-01-10,5.152
2001-01-11,5.259
2001-01-12,5.259
2001-01-15,5.581
2001-01-16,5.581
2001-01-17,5.295
2001-01-18,5.295
2001-01-19,5.295
2001-01-22,5.295
2001-01-23,5.295
2001-01-24,5.295
2001-01-25,5.277
2001-01-26,5.277
2001-01-29,5.367
2001-01-30,5.367
2001-01-31,5.367
2001-02-01,5.367
2001-02-02,5.367
2001-02-05,5.259
2001-02-06,5.259
2001-02-07,5.259
2001-02-08,5.259
2001-02-09,5.259
2001-02-12,5.206
2001-02-13,5.206
2001-02-14,5.206
2001-02-15,5.206
2001-02-16,5.206
2001-02-19,5.223
2001-02-20,5.223
2001-02-21,5.223
2001-02-22,5.223
2001-02-23,5.223
2001-02-26,5.223
2001-02-27,5.223
2001-02-28,5.152
2001-03-01,5.17
2001-03-02,5.17
2001-03-05,5.045
2001-03-06,5.045
2001-03-07,5.045
2001-03-08,5.045
2001-03-09,5.045
2001-03-12,5.42
2001-03-13,5.42
2001-03-14,5.42
2001-03-15,5.42
2001-03-16,5.42
2001-03-19,5.42
2001-03-20,5.42
2001-03-21,5.045
2001-03-22,5.045
2001-03-23,5.045
2001-03-26,5.045
2001-03-27,5.009
2001-03-28,5.009
2001-03-29,5.009
2001-03-30,5.009
2001-04-02,5.009
2001-04-03,5.009
2001-04-04,5.009
2001-04-05,5.009
2001-04-06,5.009
2001-04-09,5.009
2001-04-10,5.009
2001-04-11,5.009
2001-04-12,5.009
2001-04-13,5.009
2001-04-16,4.794
2001-04-17,4.794
2001-04-18,4.794
2001-04-19,4.794
2001-04-20,4.794
2001-04-23,4.794
2001-04-24,4.794
2001-04-25,4.794
2001-04-26,4.794
2001-04-27,4.794
2001-04-30,4.794
2001-05-01,4.794
2001-05-02,4.794
2001-05-03,4.794
2001-05-04,4.794
2001-05-07,4.794
2001-05-08,4.794
2001-05-09,4.794
2001-05-10,4.794
2001-05-11,4.794
2001-05-14,4.794
2001-05-15,4.794
2001-05-16,4.794
2001-05-17,4.794
2001-05-18,4.794
2001-05-21,4.794
2001-05-22,4.794
2001-05-23,4.794
2001-05-24,4.794
2001-05-25,4.794
2001-05-28,4.794
2001-05-29,4.794
2001-05-30,4.794
2001-05-31,4.794
2001-06-01,4.794
2001-06-04,4.794
2001-06-05,4.794
2001-06-06,4.794
2001-06-07,4.794
2001-06-08,4.794
2001-06-11,4.794
2001-06-12,4.794
2001-06-13,4.794
2001-06-14,4.794
2001-06-15,4.794
2001-06-18,4.794
2001-06-19,4.794
2001-06-20,4.794
2001-06-21,4.794
2001-06-22,4.794
2001-06-25,4.794
2001-06-26,4.794
2001-06-27,4.794
2001-06-28,4.794
2001-06-29,4.794
2001-07-02,4.794
2001-07-03,4.794
2001-07-04,4.794
2001-07-05,4.794
2001-07-06,4.794
2001-07-09,4.794
2001-07-10,4.794
2001-07-11,4.794
2001-07-12,4.794
2001-07-13,4.794
2001-07-16,4.794
2001-07-17,4.794
2001-07-18,4.794
2001-07-19,4.794
2001-07-20,4.794
2001-07-23,4.794
2001-07-24,4.794
2001-07-25,4.794
2001-07-26,4.794
2001-07-27,4.794
2001-07-30,4.794
2001-07-31,4.794
2001-08-01,4.794
2001-08-02,4.794
2001-08-03,4.794
2001-08-06,4.794
2001-08-07,4.794
2001-08-08,4.794
2001-08-09,4.794
2001-08-10,4.794
2001-08-13,4.794
2001-08-14,4.794
2001-08-15,4.794
2001-08-16,4.794
2001-08-17,4.794
2001-08-20,4.794
2001-08-21,4.794
2001-08-22,4.794
2001-08-23,4.794
2001-08-24,4.794
2001-08-27,4.794
2001-08-28,4.794
2001-08-29,4.794
2001-08-30,4.794
2001-08-31,4.794
2001-09-03,4.794
2001-09-04,4.794
2001-09-05,4.794
2001-09-06,4.794
2001-09-07,4.794
2001-09-10,4.794
2001-09-11,4.794
2001-09-12,4.794
2001-09-13,4.794
2001-09-14,4.794
2001-09-17,4.794
2001-09-18,4.794
2001-09-19,4.794
2001-09-20,4.794
2001-09-21,4.794
2001-09-24,4.794
2001-09-25,4.794
2001-09-26,4.794
2001-09-27,4.794
2001-09-28,4.794
2001-10-01,4.794
2001-10-02,4.794
2001-10-03,4.794
2001-10-04,4.794
2001-10-05,4.794
2001-10-08,4.794
2001-10-09,4.794
2001-10-10,4.794
2001-10-11,4.794
2001-10-12,4.794
2001-10-15,4.794
2001-10-16,4.794
2001-10-17,4.794
2001-10-18,4.794
2001-10-19,4.794
2001-10-22,4.794
2001-10-23,4.794
2001-10-24,4.794
2001-10-25,4.794
2001-10-26,4.794
2001-10-29,4.794
2001-10-30,4.794
2001-10-31,4.794
2001-11-01,4.794
2001-11-02,4.794
2001-11-05,4.794
2001-11-06,4.794
2001-11-07,4.794
2001-11-08,4.794
2001-11-09,4.794
2001-11-12,4.794
2001-11-13,4.794
2001-11-14,4.794
2001-11-15,4.794
2001-11-16,4.794
2001-11-19,4.794
2001-11-20,4.794
2001-11-21,4.794
2001-11-22,4.794
2001-11-23,4.794
2001-11-26,4.794
2001-11-27,4.794
2001-11-28,4.794
2001-11-29,4.794
2001-11-30,4.794
2001-12-03,4.794
2001-12-04,4.794
2001-12-05,4.794
2001-12-06,4.794
2001-12-07,4.794
2001-12-10,4.794
2001-12-11,4.794
2001-12-12,4.794
2001-12-13,4.794
2001-12-14,4.794
2001-12-17,4.794
2001-12-18,4.794
2001-12-19,4.794
2001-12-20,4.794
2001-12-21,4.794
2001-12-24,4.794
2001-12-25,4.794
2001-12-26,4.794
2001-12-27,4.794
2001-12-28,4.794
2001-12-31,4.794
2002-01-01,4.794
2002-01-02,4.794
2002-01-03,4.794
2002-01-04,4.794
2002-01-07,4.794
2002-01-08,4.794
2002-01-09,4.794
2002-01-10,4.794
2002-01-11,4.794
2002-01-14,4.794
2002-01-15,4.794
2002-01-16,4.794
2002-01-17,4.794
2002-01-18,4.794
2002-01-21,4.794
2002-01-22,4.794
2002-01-23,4.794
2002-01-24,4.794
2002-01-25,4.794
2002-01-28,4.794
2002-01-29,4.794
2002-01-30,4.794
2002-01-31,4.794
2002-02-01,4.794
2002-02-04,4.794
2002-02-05,4.794
2002-02-06,4.794
2002-02-07,4.794
2002-02-08,4.794
2002-02-11,4.794
2002-02-12,4.794
2002-02-13,4.794
2002-02-14,4.794
2002-02-15,4.794
2002-02-18,4.794
2002-02-19,4.794
2002-02-20,4.794
2002-02-21,4.794
2002-02-22,4.794
2002-02-25,4.794
2002-02-26,4.794
2002-02-27,4.794
2002-02-28,4.794
2002-03-01,4.794
2002-03-04,4.794
2002-03-05,4.794
2002-03-06,4.794
2002-03-07,4.794
2002-03-08,4.794
2002-03-11,4.794
2002-03-12,4.794
2002-03-13,4.794
2002-03-14,4.794
2002-03-15,4.794
2002-03-18,4.794
2002-03-19,4.794
2002-03-20,4.794
2002-03-21,4.794
2002-03-22,4.794
2002-03-25,4.794
2002-03-26,4.794
2002-03-27,4.794
2002-03-28,4.794
2002-03-29,4.794
2002-04-01,4.794
2002-04-02,4.794
2002-04-03,4.794
2002-04-04,4.794
2002-04-05,4.794
2002-04-08,4.794
2002-04-09,4.794
2002-04-10,4.794
2002-04-11,4.794
2002-04-12,4.794
2002-04-15,4.794
2002-04-16,4.794
2002-04-17,4.794
2002-04-18,4.794
2002-04-19,4.794
2002-04-22,4.794
2002-04-23,4.794
2002-04-24,4.794
2002-04-25,4.794
2002-04-26,4.794
2002-04-29,4.794
2002-04-30,4.794
2002-05-01,4.794
2002-05-02,4.794
2002-05-03,4.794
2002-05-06,4.794
2002-05-07,4.794
2002-05-08,4.794
2002-05-09,4.794
2002-05-10,4.794
2002-05-13,4.794
2002-05-14,4.794
2002-05-15,4.794
2002-05-16,4.794
2002-05-17,4.794
2002-05-20,4.794
2002-05-21,4.794
2002-05-22,4.794
2002-05-23,4.794
2002-05-24,4.794
2002-05-27,4.794
2002-05-28,4.794
2002-05-29,4.794
2002-05-30,4.794
2002-05-31,4.794
2002-06-03,4.794
2002-06-04,4.794
2002-06-05,4.794
2002-06-06,4.794
2002-06-07,4.794
2002-06-10,4.794
2002-06-11,4.794
2002-06-12,4.794
2002-06-13,4.794
2002-06-14,4.794
2002-06-17,4.794
2002-06-18,4.794
2002-06-19,4.794
2002-06-20,4.794
2002-06-21,4.794
2002-06-24,4.794
2002-06-25,4.794
2002-06-26,4.794
2002-06-27,4.794
2002-06-28,4.794
2002-07-01,4.794
2002-07-02,4.794
2002-07-03,4.794
2002-07-04,4.794
2002-07-05,4.794
2002-07-08,4.794
2002-07-09,4.794
2002-07-10,4.794
2002-07-11,4.794
2002-07-12,4.794
2002-07-15,4.794
2002-07-16,4.794
2002-07-17,4.794
2002-07-18,4.794
2002-07-19,4.794
2002-07-22,4.794
2002-07-23,4.794
2002-07-24,4.794
2002-07-25,4.794
2002-07-26,4.794
2002-07-29,4.794
2002-07-30,4.794
2002-07-31,4.794
2002-08-01,4.794
2002-08-02,4.794
2002-08-05,4.794
2002-08-06,4.794
2002-08-07,4.794
2002-08-08,4.794
2002-08-09,4.794
2002-08-12,4.794
2002-08-13,4.794
2002-08-14,4.794
2002-08-15,4.794
2002-08-16,4.794
2002-08-19,4.794
2002-08-20,4.794
2002-08-21,4.794
2002-08-22,4.794
2002-08-23,4.794
2002-08-26,4.794
2002-08-27,4.794
2002-08-28,4.794
2002-08-29,4.794
2002-08-30,4.794
2002-09-02,4.794
2002-09-03,4.794
2002-09-04,4.794
2002-09-05,4.794
2002-09-06,4.794
2002-09-09,4.794
2002-09-10,4.794
2002-09-11,4.794
2002-09-12,4.794
2002-09-13,4.794
2002-09-16,4.794
2002-09-17,4.794
2002-09-18,4.794
2002-09-19,4.794
2002-09-20,4.794
2002-09-23,4.794
2002-09-24,4.794
2002-09-25,4.794
2002-09-26,4.794
2002-09-27,4.794
2002-09-30,4.794
2002-10-01,4.794
2002-10-02,4.794
2002-10-03,4.794
2002-10-04,4.794
2002-10-07,4.794
2002-10-08,4.794
2002-10-09,4.794
2002-10-10,4.794
2002-10-11,4.794
2002-10-14,4.794
2002-10-15,4.794
2002-10-16,4.794
2002-10-17,4.794
2002-10-18,4.794
2002-10-21,4.794
2002-10-22,4.794
2002-10-23,4.794
2002-10-24,4.794
2002-10-25,4.794
2002-10-28,4.794
2002-10-29,4.794
2002-10-30,4.794
2002-10-31,4.794
2002-11-01,4.794
2002-11-04,4.794
2002-11-05,4.794
2002-11-06,4.794
2002-11-07,4.794
2002-11-08,4.794
2002-11-11,4.794
2002-11-12,4.794
2002-11-13,4.794
2002-11-14,4.794
2002-11-15,4.794
2002-11-18,4.794
2002-11-19,4.794
2002-11-20,4.794
2002-11-21,4.794
2002-11-22,4.794
2002-11-25,4.794
2002-11-26,4.794
2002-11-27,4.794
2002-11-28,4.794
2002-11-29,4.794
2002-12-02,4.794
2002-12-03,4.794
2002-12-04,4.794
2002-12-05,4.794
2002-12-06,4.794
2002-12-09,4.794
2002-12-10,4.794
2002-12-11,4.794
2002-12-12,4.794
2002-12-13,4.794
2002-12-16,4.794
2002-12-17,4.794
2002-12-18,4.794
2002-12-19,4.794
2002-12-20,4.794
2002-12-23,4.794
2002-12-24,4.794
2002-12-25,4.794
2002-12-26,4.794
2002-12-27,4.794
2002-12-30,4.794
2002-12-31,4.794
2003-01-01,4.794
2003-01-02,4.794
2003-01-03,4.794
2003-01-06,4.794
2003-01-07,4.794
2003-01-08,4.794
2003-01-09,4.794
2003-01-10,4.794
2003-01-13,4.794
2003-01-14,4.794
2003-01-15,4.794
2003-01-16,4.794
2003-01-17,4.794
2003-01-20,4.794
2003-01-21,4.794
2003-01-22,4.794
2003-01-23,4.794
2003-01-24,4.794
2003-01-27,4.794
2003-01-28,4.794
2003-01-29,4.794
2003-01-30,4.794
2003-01-31,4.794
2003-02-03,4.794
2003-02-04,4.794
2003-02-05,4.794
2003-02-06,4.794
2003-02-07,4.794
2003-02-10,4.794
2003-02-11,4.794
2003-02-12,4.794
2003-02-13,4.794
2003-02-14,4.794
2003-02-17,4.794
2003-02-18,4.794
2003-02-19,4.794
2003-02-20,4.794
2003-02-21,4.794
2003-02-24,4.794
2003-02-25,4.794
2003-02-26,4.794
2003-02-27,4.794
2003-02-28,4.794
2003-03-03,4.794
2003-03-04,4.794
2003-03-05,4.794
2003-03-06,4.794
2003-03-07,4.794
2003-03-10,4.794
2003-03-11,4.794
2003-03-12,4.794
2003-03-13,4.794
2003-03-14,4.794
2003-03-17,4.794
2003-03-18,4.794
2003-03-19,4.794
2003-03-20,4.794
2003-03-21,4.794
2003-03-24,4.794
2003-03-25,4.794
2003-03-26,4.794
2003-03-27,4.794
2003-03-28,4.794
2003-03-31,4.794
2003-04-01,4.794
2003-04-02,4.794
2003-04-03,4.794
2003-04-04,4.794
2003-04-07,4.794
2003-04-08,4.794
2003-04-09,4.794
2003-04-10,4.794
2003-04-11,4.794
2003-04-14,4.794
2003-04-15,4.794
2003-04-16,4.794
2003-04-17,4.794
2003-04-18,4.794
2003-04-21,4.794
2003-04-22,4.794
2003-04-23,4.794
2003-04-24,4.794
2003-04-25,4.794
2003-04-28,4.794
2003-04-29,4.794
2003-04-30,4.794
2003-05-01,4.794
2003-05-02,4.794
2003-05-05,4.794
2003-05-06,4.794
2003-05-07,4.794
2003-05-08,4.794
2003-05-09,4.794
2003-05-12,4.794
2003-05-13,4.794
2003-05-14,4.794
2003-05-15,4.794
2003-05-16,4.794
2003-05-19,4.794
2003-05-20,4.794
2003-05-21,4.794
2003-05-22,4.794
2003-05-23,4.794
2003-05-26,4.794
2003-05-27,4.794
2003-05-28,4.794
2003-05-29,4.794
2003-05-30,4.794
2003-06-02,4.794
2003-06-03,4.794
2003-06-04,4.794
2003-06-05,4.794
2003-06-06,4.794
2003-06-09,4.794
2003-06-10,4.794
2003-06-11,4.794
2003-06-12,4.794
2003-06-13,4.794
2003-06-16,4.794
2003-06-17,4.794
2003-06-18,4.794
2003-06-19,4.794
2003-06-20,4.794
2003-06-23,4.794
2003-06-24,4.794
2003-06-25,4.794
2003-06-26,4.794
2003-06-27,4.794
2003-06-30,4.794
2003-07-01,4.794
2003-07-02,4.794
2003-07-03,4.794
2003-07-04,4.794
2003-07-07,4.794
2003-07-08,4.794
2003-07-09,4.794
2003-07-10,4.794
2003-07-11,4.794
2003-07-14,4.794
2003-07-15,4.794
2003-07-16,4.794
2003-07-17,4.794
2003-07-18,4.794
2003-07-21,4.794
2003-07-22,4.794
2003-07-23,4.794
2003-07-24,4.794
2003-07-25,4.794
2003-07-28,4.794
2003-07-29,4.794
2003-07-30,4.794
2003-07-31,4.794
2003-08-01,4.794
2003-08-04,4.794
2003-08-05,4.794
2003-08-06,4.794
2003-08-07,4.794
2003-08-08,4.794
2003-08-11,4.794
2003-08-12,4.794
2003-08-13,4.794
2003-08-14,4.794
2003-08-15,4.794
2003-08-18,4.794
2003-08-19,4.794
2003-08-20,4.794
2003-08-21,4.794
2003-08-22,4.794
2003-08-25,4.794
2003-08-26,4.794
2003-08-27,4.794
2003-08-28,4.794
2003-08-29,4.794
2003-09-01,4.794
2003-09-02,4.794
2003-09-03,4.794
2003-09-04,4.794
2003-09-05,4.794
2003-09-08,4.794
2003-09-09,6.494
2003-09-10,6.494
2003-09-11,6.494
2003-09-12,6.494
2003-09-15,6.44
2003-09-16,6.44
2003-09-17,6.44
2003-09-18,6.44
2003-09-19,6.44
2003-09-22,6.44
2003-09-23,6.44
2003-09-24,6.44
2003-09-25,6.44
2003-09-26,6.44
2003-09-29,6.44
2003-09-30,6.44
2003-10-01,5.939
2003-10-02,5.939
2003-10-03,5.939
2003-10-06,5.939
2003-10-07,5.939
2003-10-08,5.939
2003-10-09,5.939
2003-10-10,5.939
2003-10-13,5.939
2003-10-14,5.939
2003-10-15,5.939
2003-10-16,5.939
2003-10-17,5.939
2003-10-20,5.939
2003-10-21,5.939
2003-10-22,5.939
2003-10-23,5.939
2003-10-24,5.939
2003-10-27,5.939
2003-10-28,5.939
2003-10-29,5.939
2003-10-30,5.939
2003-10-31,5.939
2003-11-03,6.297
2003-11-04,6.297
2003-11-05,6.297
2003-11-06,6.297
2003-11-07,6.297
2003-11-10,6.297
2003-11-11,6.297
2003-11-12,6.297
2003-11-13,6.297
2003-11-14,6.297
2003-11-17,6.297
2003-11-18,6.297
2003-11-19,6.297
2003-11-20,6.297
2003-11-21,6.297
2003-11-24,6.297
2003-11-25,6.297
2003-11-26,6.297
2003-11-27,6.297
2003-11-28,6.297
2003-12-01,6.297
2003-12-02,6.44
2003-12-03,6.44
2003-12-04,6.44
2003-12-05,6.44
2003-12-08,6.44
2003-12-09,6.44
2003-12-10,6.44
2003-12-11,6.44
2003-12-12,6.44
2003-12-15,6.44
2003-12-16,6.44
2003-12-17,6.44
2003-12-18,6.118
2003-12-19,6.118
2003-12-22,6.118
2003-12-23,6.118
2003-12-24,6.118
2003-12-25,6.118
2003-12-26,6.118
2003-12-29,6.118
2003-12-30,5.76
2003-12-31,5.76
2004-01-01,5.76
2004-01-02,5.76
2004-01-05,5.76
2004-01-06,5.796
2004-01-07,5.796
2004-01-08,5.563
2004-01-09,5.563
2004-01-12,5.563
2004-01-13,5.563
2004-01-14,5.563
2004-01-15,5.563
2004-01-16,5.563
2004-01-19,5.563
2004-01-20,5.563
2004-01-21,5.563
2004-01-22,5.581
2004-01-23,5.581
2004-01-26,5.51
2004-01-27,5.51
2004-01-28,5.867
2004-01-29,5.867
2004-01-30,5.867
2004-02-02,5.867
2004-02-03,5.867
2004-02-04,5.867
2004-02-05,6.064
2004-02-06,6.064
2004-02-09,6.064
2004-02-10,6.064
2004-02-11,6.064
2004-02-12,6.064
2004-02-13,6.064
2004-02-16,6.064
2004-02-17,6.064
2004-02-18,6.064
2004-02-19,6.064
2004-02-20,6.064
2004-02-23,6.064
2004-02-24,6.064
2004-02-25,6.064
2004-02-26,6.082
2004-02-27,6.082
2004-03-01,6.082
2004-03-02,6.082
2004-03-03,6.082
2004-03-04,6.136
2004-03-05,6.136
2004-03-08,6.136
2004-03-09,6.136
2004-03-10,6.136
2004-03-11,5.796
2004-03-12,5.796
2004-03-15,5.796
2004-03-16,5.796
2004-03-17,5.796
2004-03-18,5.796
2004-03-19,5.796
2004-03-22,5.796
2004-03-23,5.796
2004-03-24,5.796
2004-03-25,5.796
2004-03-26,5.796
2004-03-29,5.796
2004-03-30,5.796
2004-03-31,5.796
2004-04-01,5.796
2004-04-02,5.796
2004-04-05,5.796
2004-04-06,5.796
2004-04-07,5.796
2004-04-08,5.796
2004-04-09,5.796
2004-04-12,5.653
2004-04-13,5.563
2004-04-14,5.563
2004-04-15,5.545
2004-04-16,5.545
2004-04-19,5.545
2004-04-20,5.545
2004-04-21,5.545
2004-04-22,5.563
2004-04-23,5.563
2004-04-26,5.563
2004-04-27,5.563
2004-04-28,5.563
2004-04-29,5.563
2004-04-30,5.563
2004-05-03,5.563
2004-05-04,5.563
2004-05-05,5.563
2004-05-06,5.563
2004-05-07,5.563
2004-05-10,5.563
2004-05-11,5.581
2004-05-12,5.581
2004-05-13,5.581
2004-05-14,5.581
2004-05-17,5.581
2004-05-18,5.581
2004-05-19,5.581
2004-05-20,5.635
2004-05-21,5.635
2004-05-24,5.635
2004-05-25,5.724
2004-05-26,5.867
2004-05-27,5.939
2004-05-28,5.939
2004-05-31,5.939
2004-06-01,6.225
2004-06-02,6.726
2004-06-03,7.209
2004-06-04,7.209
2004-06-07,7.388
2004-06-08,7.155
2004-06-09,7.442
2004-06-10,7.549
2004-06-11,7.549
2004-06-14,7.764
2004-06-15,7.978
2004-06-16,8.139
2004-06-17,8.139
2004-06-18,8.139
2004-06-21,8.157
2004-06-22,8.157
2004-06-23,8.157
2004-06-24,8.157
2004-06-25,8.157
2004-06-28,8.157
2004-06-29,7.459
2004-06-30,7.835
2004-07-01,7.835
2004-07-02,7.835
2004-07-05,7.334
2004-07-06,7.692
2004-07-07,8.282
2004-07-08,8.569
2004-07-09,8.569
2004-07-12,8.569
2004-07-13,8.569
2004-07-14,8.622
2004-07-15,8.622
2004-07-16,8.622
2004-07-19,8.622
2004-07-20,8.229
2004-07-21,8.229
2004-07-22,8.229
2004-07-23,8.229
2004-07-26,8.229
2004-07-27,8.229
2004-07-28,8.229
2004-07-29,8.229
2004-07-30,8.229
2004-08-02,8.229
2004-08-03,8.229
2004-08-04,8.229
2004-08-05,7.37
2004-08-06,7.37
2004-08-09,7.37
2004-08-10,7.37
2004-08-11,7.37
2004-08-12,7.227
2004-08-13,7.227
2004-08-16,7.227
2004-08-17,7.227
2004-08-18,7.227
2004-08-19,7.227
2004-08-20,7.227
2004-08-23,7.227
2004-08-24,7.227
2004-08-25,7.227
2004-08-26,7.227
2004-08-27,7.227
2004-08-30,7.227
2004-08-31,7.227
2004-09-01,7.227
2004-09-02,7.137
2004-09-03,7.137
2004-09-06,7.137
2004-09-07,7.137
2004-09-08,7.137
2004-09-09,7.137
2004-09-10,7.137
2004-09-13,7.137
2004-09-14,7.137
2004-09-15,7.137
2004-09-16,7.137
2004-09-17,7.137
2004-09-20,7.137
2004-09-21,7.137
2004-09-22,7.137
2004-09-23,7.137
2004-09-24,7.137
2004-09-27,7.137
2004-09-28,7.137
2004-09-29,7.137
2004-09-30,7.155
2004-10-01,7.155
2004-10-04,7.155
2004-10-05,7.155
2004-10-06,7.155
2004-10-07,7.084
2004-10-08,7.084
2004-10-11,7.084
2004-10-12,7.084
2004-10-13,7.084
2004-10-14,7.084
2004-10-15,7.084
2004-10-18,7.12
2004-10-19,7.12
2004-10-20,7.12
2004-10-21,7.12
2004-10-22,7.12
2004-10-25,7.12
2004-10-26,7.12
2004-10-27,7.12
2004-10-28,7.12
2004-10-29,7.12
2004-11-01,7.12
2004-11-02,7.12
2004-11-03,7.12
2004-11-04,7.12
2004-11-05,7.12
2004-11-08,7.12
2004-11-09,7.12
2004-11-10,7.12
2004-11-11,7.12
2004-11-12,7.12
2004-11-15,7.12
2004-11-16,7.12
2004-11-17,7.12
2004-11-18,7.12
2004-11-19,7.12
2004-11-22,7.12
2004-11-23,7.12
2004-11-24,7.12
2004-11-25,6.44
2004-11-26,6.44
2004-11-29,6.297
2004-11-30,6.297
2004-12-01,6.297
2004-12-02,6.297
2004-12-03,6.297
2004-12-06,6.297
2004-12-07,6.297
2004-12-08,6.297
2004-12-09,6.297
2004-12-10,6.297
2004-12-13,6.297
2004-12-14,6.297
2004-12-15,6.297
2004-12-16,6.297
2004-12-17,6.297
2004-12-22,5.939
2005-01-11,5.438
2005-01-17,5.724
2005-02-08,5.724
2005-02-22,6.082
2005-02-28,6.44
2005-03-02,6.44
2005-03-07,6.011
2005-03-10,6.44
2005-03-17,5.975
2005-04-06,5.796
2005-04-12,5.796
2005-04-18,5.885
2005-04-27,6.082
2005-04-28,5.939
2005-05-03,6.046
2005-05-04,6.082
2005-05-11,6.082
2005-05-12,6.744
2005-05-16,7.442
2005-05-17,7.388
2005-05-19,7.442
2005-05-23,7.298
2005-05-24,7.513
2005-05-25,7.513
2005-05-30,7.477
2005-05-31,7.71
2005-06-06,7.799
2005-06-27,8.515
2005-06-28,8.533
2005-06-29,8.944
2005-07-28,7.513
2005-08-03,6.583
2005-08-04,6.046
2005-08-25,6.44
2005-09-13,6.44
2005-09-22,6.44
2005-09-28,6.583
2005-10-05,6.583
2005-10-11,6.583
2005-10-24,6.44
2005-10-26,6.44
2005-10-27,6.44
2005-11-08,6.082
2005-11-23,6.69
2005-12-15,6.726
2006-01-31,6.44
2006-02-02,6.225
2006-02-22,6.225
2006-03-20,6.547
2006-03-28,6.44
2006-03-29,7.084
2006-04-03,6.798
2006-04-24,6.44
2006-05-04,7.084
2006-05-09,7.316
2006-05-15,7.155
2006-05-22,7.173
2006-06-08,7.173
2006-06-22,6.511
2006-07-24,5.867
2006-07-31,5.867
2006-08-03,6.44
2006-08-10,6.297
2006-08-14,5.885
2006-08-15,5.867
2006-08-17,5.867
2006-08-21,5.832
2006-08-23,5.653
2006-08-24,5.635
2006-08-28,5.724
2006-08-29,5.796
2006-08-31,5.867
2006-09-04,6.261
2006-09-13,5.724
2006-09-20,5.706
2006-10-01,5.456
2006-10-02,5.456
2006-10-05,5.653
2006-10-16,5.689
2006-10-22,5.545
2006-10-23,5.545
2006-10-31,5.528
2006-11-01,5.51
2006-11-28,5.367
2006-12-13,5.367
2006-12-19,5.367
2006-12-26,5.17
2006-12-27,5.223
2006-12-28,5.492
2007-01-08,5.456
2007-01-10,5.188
2007-01-14,5.474
2007-01-15,5.474
2007-01-22,5.76
2007-01-28,5.653
2007-01-31,5.635
2007-02-01,5.152
2007-02-05,5.313
2007-02-06,5.313
2007-02-11,5.349
2007-02-12,5.349
2007-02-13,5.313
2007-02-14,5.438
2007-02-15,5.384
2007-02-19,5.367
2007-02-27,5.51
2007-02-28,5.492
2007-03-05,5.456
2007-03-07,5.456
2007-03-08,5.456
2007-03-11,5.51
2007-03-12,5.51
2007-03-20,5.51
2007-04-03,5.724
2007-04-05,5.724
2007-04-09,5.653
2007-04-11,5.653
2007-04-15,5.85
2007-04-16,5.85
2007-04-18,5.85
2007-04-24,5.867
2007-04-30,5.724
2007-05-07,5.76
2007-05-21,5.814
2007-05-23,6.279
2007-05-30,5.724
2007-06-10,5.223
2007-06-11,5.223
2007-06-13,5.724
2007-06-19,5.796
2007-06-20,5.867
2007-06-25,6.082
2007-06-26,6.565
2007-06-27,6.511
2007-06-28,6.511
2007-07-02,6.44
2007-07-11,5.867
2007-07-19,5.367
2007-07-23,5.098
2007-07-24,5.116
2007-07-25,5.921
2007-07-26,5.581
2007-08-06,5.867
2007-08-13,5.51
2007-08-16,5.51
2007-08-20,5.367
2007-08-22,5.188
2007-09-03,5.009
2007-09-05,5.277
2007-09-06,5.402
2007-09-13,5.295
2007-09-18,5.08
2007-09-19,5.367
2007-09-20,5.456
2007-09-23,5.367
2007-09-24,5.367
2007-09-25,5.367
2007-10-02,5.367
2007-10-03,5.438
2007-10-07,5.17
2007-10-08,5.17
2007-10-28,5.653
2007-11-05,6.082
2007-11-06,6.064
2007-11-08,6.082
2007-11-12,6.261
2007-11-14,6.207
2007-11-15,6.154
2007-11-19,6.189
2007-12-04,6.333
2007-12-11,5.885
2007-12-19,6.368
2008-01-07,6.297
2008-01-16,6.297
2008-01-30,6.172
2008-02-04,6.583
2008-02-05,6.976
2008-02-06,7.638
2008-02-07,8.086
2008-02-11,7.764
2008-02-17,7.942
2008-02-20,7.298
2008-02-27,7.925
2008-02-28,7.907
2008-03-03,7.334
2008-03-05,7.764
2008-03-10,7.298
2008-03-11,6.905
2008-03-13,7.263
2008-03-17,8.64
2008-03-18,9.213
2008-03-20,9.338
2008-03-24,10.59
2008-03-25,12.254
2008-03-31,12.79
2008-04-01,12.754
2008-04-02,12.593
2008-04-07,12.379
2008-04-08,13.935
2008-04-09,14.543
2008-04-10,14.418
2008-04-13,14.382
2008-04-15,13.059
2008-04-16,13.148
2008-04-17,13.542
2008-04-21,13.899
2008-04-22,14.329
2008-04-23,14.293
2008-04-24,14.937
2008-04-28,14.937
2008-04-29,15.277
2008-04-30,14.329
2008-05-05,15.205
2008-05-06,13.774
2008-05-07,15.491
2008-05-08,14.597
2008-05-12,14.615
2008-05-13,14.686
2008-05-14,15.169
2008-05-15,14.508
2008-05-18,14.4
2008-05-21,14.132
2008-05-22,13.47
2008-05-25,13.595
2008-05-26,13.595
2008-06-02,12.88
2008-06-03,12.88
2008-06-04,13.309
2008-06-05,13.363
2008-06-09,14.293
2008-06-10,13.649
2008-06-11,13.792
2008-06-12,14.329
2008-06-16,16.082
2008-06-17,16.457
2008-06-18,16.511
2008-06-19,15.384
2008-06-23,14.704
2008-06-24,14.991
2008-06-26,13.953
2008-07-06,14.311
2008-07-07,14.311
2008-07-08,12.486
2008-07-14,13.237
2008-07-15,13.345
2008-07-21,12.88
2008-07-28,14.311
2008-08-04,14.221
2008-08-05,14.203
2008-08-06,14.203
2008-08-07,14.257
2008-08-10,14.239
2008-08-11,14.239
2008-08-12,13.595
2008-08-13,14.311
2008-08-14,14.293
2008-08-18,14.311
2008-08-19,14.311
2008-08-20,14.669
2008-08-21,14.669
2008-08-26,14.794
2008-08-27,14.311
2008-09-02,14.669
2008-09-07,13.577
2008-09-08,13.577
2008-09-10,12.898
2008-09-16,12.182
2008-09-18,12.307
2008-10-13,12.164
2008-10-14,13.381
2008-10-16,14.436
2008-10-20,13.47
2008-10-21,14.669
2008-10-22,14.651
2008-10-23,14.382
2008-10-29,14.239
2008-11-10,12.593
2008-11-13,12.844
2008-11-17,13.563
2008-11-19,12.629
2008-11-24,11.949
2008-12-24,13.094
2009-01-05,14.239
2009-01-07,14.311
2009-01-12,14.883
2009-01-26,14.686
2009-01-28,15.026
2009-01-29,14.633
2009-02-02,15.67
2009-02-03,15.813
2009-02-04,16.135
2009-02-09,16.457
2009-02-10,16.529
2009-02-11,15.742
2009-02-16,15.026
2009-02-17,15.456
2009-02-18,16.082
2009-02-19,14.418
2009-02-23,16.618
2009-02-24,18.354
2009-02-25,18.425
2009-02-26,18.228
2009-03-02,16.529
2009-03-03,16.94
2009-03-04,18.175
2009-03-05,19.498
2009-03-09,22.7
2009-03-11,21.484
2009-03-12,20.339
2009-03-16,21.466
2009-03-18,19.32
2009-03-19,19.32
2009-03-23,20.232
2009-03-24,21.108
2009-03-25,21.323
2009-03-30,21.466
2009-03-31,22.539
2009-04-01,22.826
2009-04-02,23.899
2009-04-05,24.972
2009-04-08,22.754
2009-04-13,25.849
2009-04-16,26.332
2009-04-20,28.622
2009-04-21,28.282
2009-04-22,29.981
2009-04-23,31.019
2009-04-28,31.376
2009-04-30,30.339
2009-05-03,26.475
2009-05-06,28.55
2009-05-17,28.389
2009-05-18,28.55
2009-05-19,30.267
2009-05-21,27.906
2009-05-25,25.115
2009-05-26,21.717
2009-05-27,21.055
2009-06-03,26.475
2009-06-04,26.833
2009-06-09,25.58
2009-06-10,23.971
2009-06-15,20.303
2009-06-16,19.874
2009-06-17,20.268
2009-06-18,19.463
2009-06-21,19.481
2009-06-22,20.035
2009-06-23,20.107
2009-06-24,20.071
2009-06-28,20.625
2009-06-29,19.552
2009-06-30,19.749
2009-07-02,19.695
2009-07-05,18.014
2009-07-06,18.336
2009-07-07,17.978
2009-07-08,18.246
2009-07-09,19.087
2009-07-12,18.121
2009-07-13,17.978
2009-07-14,18.032
2009-07-15,19.141
2009-07-19,17.96
2009-07-21,17.888
2009-07-22,18.89
2009-07-23,18.962
2009-07-26,18.604
2009-07-27,20.053
2009-07-28,21.341
2009-07-29,21.627
2009-07-30,21.377
2009-08-02,21.359
2009-08-03,20.5
2009-08-04,20.947
2009-08-05,21.752
2009-08-06,23.505
2009-08-09,23.505
2009-08-10,21.967
2009-08-11,21.52
2009-08-12,21.09
2009-08-16,22.164
2009-08-17,21.895
2009-08-18,22.611
2009-08-19,21.967
2009-08-20,21.144
2009-08-23,21.645
2009-08-24,21.359
2009-08-25,21.43
2009-08-26,22.79
2009-08-27,22.897
2009-08-30,22.343
2009-08-31,21.895
2009-09-01,21.377
2009-09-02,22.307
2009-09-03,22.182
2009-09-06,21.43
2009-09-07,21.162
2009-09-08,22.915
2009-09-09,22.987
2009-09-10,25.885
2009-09-13,26.368
2009-09-14,25.992
2009-09-15,25.813
2009-09-16,29.337
2009-09-17,28.425
2009-09-27,29.015
2009-09-29,30.035
2009-09-30,30.249
2009-10-01,34.221
2009-10-04,33.147
2009-10-05,33.022
2009-10-06,35.312
2009-10-07,40.464
2009-10-08,44.256
2009-10-11,48.013
2009-10-12,52.878
2009-10-13,51.215
2009-10-14,49.247
2009-10-15,44.328
2009-10-18,49.444
2009-10-19,49.855
2009-10-20,46.993
2009-10-21,42.825
2009-10-22,43.576
2009-10-25,39.891
2009-10-26,36.475
2009-10-27,34.31
2009-10-28,39.104
2009-10-29,38.46
2009-11-01,36.922
2009-11-02,36.099
2009-11-03,36.367
2009-11-04,34.471
2009-11-05,33.487
2009-11-08,32.396
2009-11-09,30.106
2009-11-10,30.822
2009-11-11,30.16
2009-11-12,29.605
2009-11-15,29.659
2009-11-16,31.448
2009-11-17,32.861
2009-11-18,31.734
2009-11-19,31.645
2009-11-22,32.861
2009-11-23,32.146
2009-11-24,31.824
2009-11-25,31.537
2009-11-26,31.287
2009-12-01,29.337
2009-12-02,30.142
2009-12-03,30.214
2009-12-06,30.124
2009-12-07,30.124
2009-12-08,30.768
2009-12-09,34.686
2009-12-10,32.074
2009-12-13,30.625
2009-12-14,30.196
2009-12-15,29.23
2009-12-17,27.405
2009-12-20,27.262
2009-12-21,28.639
2009-12-22,29.015
2009-12-23,28.532
2009-12-24,28.693
2009-12-27,28.139
2009-12-29,27.834
2009-12-30,27.745
2010-01-03,27.19
2010-01-04,26.761
2010-01-05,26.815
2010-01-06,28.693
2010-01-07,29.069
2010-01-10,29.283
2010-01-11,28.818
2010-01-12,28.085
2010-01-13,27.244
2010-01-14,27.62
2010-01-17,27.852
2010-01-18,27.62
2010-01-19,28.228
2010-01-20,28.604
2010-01-21,29.999
2010-01-24,30.017
2010-01-25,33.022
2010-01-26,32.342
2010-01-27,30.214
2010-01-28,31.215
2010-01-31,30.214
2010-02-01,30.285
2010-02-02,28.425
2010-02-03,27.62
2010-02-04,28.425
2010-02-07,27.888
2010-02-08,27.834
2010-02-09,27.673
2010-02-10,27.602
2010-02-11,27.334
2010-02-14,26.851
2010-02-15,26.242
2010-02-16,26.385
2010-02-17,25.545
2010-02-18,25.527
2010-02-22,28.21
2010-02-23,27.065
2010-02-24,26.224
2010-02-25,25.08
2010-02-28,25.455
2010-03-01,24.883
2010-03-02,25.08
2010-03-03,25.741
2010-03-04,25.491
2010-03-07,25.205
2010-03-08,25.044
2010-03-09,24.382
2010-03-10,25.044
2010-03-11,24.132
2010-03-14,23.827
2010-03-15,23.523
2010-03-16,24.74
2010-03-18,24.865
2010-03-21,25.169
2010-03-22,26.475
2010-03-23,26.546
2010-03-24,27.584
2010-03-25,29.069
2010-03-28,29.641
2010-03-29,28.872
2010-03-30,27.548
2010-03-31,27.262
2010-04-01,27.405
2010-04-04,27.316
2010-04-05,26.654
2010-04-06,26.743
2010-04-07,27.101
2010-04-08,26.922
2010-04-11,26.94
2010-04-12,26.743
2010-04-13,26.725
2010-04-15,26.278
2010-04-18,26.189
2010-04-19,25.867
2010-04-20,25.598
2010-04-21,26.278
2010-04-22,26.833
2010-04-25,27.817
2010-04-26,27.942
2010-04-27,29.856
2010-04-28,28.514
2010-04-29,27.351
2010-05-02,26.958
2010-05-03,27.512
2010-05-04,29.248
2010-05-05,33.416
2010-05-06,33.541
2010-05-09,31.233
2010-05-10,29.069
2010-05-11,32.324
2010-05-12,35.58
2010-05-13,33.97
2010-05-16,35.258
2010-05-17,34.221
2010-05-18,33.505
2010-05-19,33.004
2010-05-23,38.705
2010-05-24,39.886
2010-05-25,37.761
2010-05-26,36.875
2010-05-30,35.931
2010-05-31,36.029
2010-06-01,35.301
2010-06-02,36.383
2010-06-03,36.462
2010-06-06,37.662
2010-06-07,37.308
2010-06-08,40.771
2010-06-09,39.866
2010-06-10,40.653
2010-06-13,40.142
2010-06-14,39.925
2010-06-15,39.453
2010-06-16,37.643
2010-06-17,37.879
2010-06-20,35.754
2010-06-21,33.983
2010-06-22,37.446
2010-06-23,36.147
2010-06-24,35.734
2010-06-27,35.301
2010-06-28,34.022
2010-06-29,34.908
2010-06-30,33.491
2010-07-04,33.038
2010-07-05,34.16
2010-07-06,34.494
2010-07-07,34.042
2010-07-08,33.55
2010-07-11,33.392
2010-07-12,33.51
2010-07-13,33.117
2010-07-14,32.605
2010-07-15,32.527
2010-07-18,33.471
2010-07-19,34.396
2010-07-20,36.56
2010-07-21,37.151
2010-07-22,35.891
2010-07-25,35.734
2010-07-26,36.049
2010-07-27,38.371
2010-07-29,38.449
2010-08-01,38.233
2010-08-02,40.063
2010-08-03,40.889
2010-08-04,42.503
2010-08-05,42.208
2010-08-08,44.569
2010-08-09,46.32
2010-08-10,43.093
2010-08-11,44.215
2010-08-12,43.467
2010-08-16,42.07
2010-08-17,41.775
2010-08-18,42.109
2010-08-19,42.306
2010-08-22,46.34
2010-08-23,50.098
2010-08-24,49.272
2010-08-25,45.828
2010-08-26,46.989
2010-08-29,48.052
2010-08-30,49.351
2010-08-31,48.977
2010-09-02,51.318
2010-09-05,52.696
2010-09-06,49.449
2010-09-08,47.599
2010-09-13,47.521
2010-09-14,48.603
2010-09-15,48.505
2010-09-16,47.403
2010-09-19,47.501
2010-09-20,48.957
2010-09-21,53.778
2010-09-22,53.876
2010-09-23,53.227
2010-09-26,52.794
2010-09-27,52.637
2010-09-28,51.377
2010-09-29,50.0
2010-09-30,49.469
2010-10-03,51.692
2010-10-04,50.413
2010-10-05,48.8
2010-10-06,51.574
2010-10-07,52.479
2010-10-10,51.397
2010-10-11,55.352
2010-10-12,61.983
2010-10-13,64.542
2010-10-14,69.953
2010-10-18,76.427
2010-10-19,73.278
2010-10-20,74.321
2010-10-21,80.46
2010-10-24,84.573
2010-10-25,82.979
2010-10-26,78.63
2010-10-27,78.04
2010-10-28,75.443
2010-10-31,72.334
2010-11-01,82.133
2010-11-02,78.296
2010-11-03,80.165
2010-11-04,80.756
2010-11-08,89.748
2010-11-09,90.634
2010-11-10,94.333
2010-11-11,93.447
2010-11-14,99.98
2010-11-15,103.778
2010-11-21,110.567
2010-11-22,122.708
2010-11-23,119.54
2010-11-24,118.536
2010-11-25,115.171
2010-11-28,112.161
2010-11-29,111.334
2010-11-30,113.262
2010-12-01,120.169
2010-12-02,129.044
2010-12-05,126.722
2010-12-06,124.321
2010-12-07,117.513
2010-12-08,112.161
2010-12-09,120.74
2010-12-12,116.785
2010-12-13,115.368
2010-12-14,110.901
2010-12-15,107.812
2010-12-19,97.717
2010-12-20,105.411
2010-12-21,106.789
2010-12-22,104.723
2010-12-23,104.093
2010-12-26,101.476
2010-12-27,102.204
2010-12-28,103.286
2010-12-29,100.63
2010-12-30,101.377
2011-01-02,102.046
2011-01-03,102.302
2011-01-04,100.61
2011-01-05,102.066
2011-01-06,100.708
2011-01-09,92.286
2011-01-10,86.305
2011-01-11,97.068
2011-01-12,97.147
2011-01-13,97.835
2011-01-16,92.916
2011-01-17,92.483
2011-01-18,87.957
2011-01-19,78.099
2011-01-25,82.645
2011-01-26,87.702
2011-01-27,88.981
2011-01-30,94.49
2011-01-31,99.98
2011-02-01,97.206
2011-02-02,92.739
2011-02-03,89.158
2011-02-06,84.494
2011-02-07,79.457
2011-02-08,77.292
2011-02-09,76.171
2011-02-10,71.389
2011-02-13,66.49
2011-02-15,63.322
2011-02-20,66.627
2011-02-22,62.79
2011-02-23,58.107
2011-02-24,53.935
2011-02-27,50.079
2011-03-01,53.64
2011-03-02,50.767
2011-03-03,51.889
2011-03-06,53.148
2011-03-07,54.703
2011-03-08,58.697
2011-03-09,62.79
2011-03-10,67.493
2011-03-13,62.633
2011-03-14,67.257
2011-03-15,67.316
2011-03-16,68.811
2011-03-20,73.731
2011-03-21,78.276
2011-03-22,78.335
2011-03-23,75.226
2011-03-27,46.753
2011-03-28,50.236
2011-03-29,53.994
2011-03-30,57.989
2011-03-31,62.338
2011-04-03,60.862
2011-04-04,57.792
2011-04-05,56.769
2011-04-06,58.579
2011-04-07,58.835
2011-04-10,63.223
2011-04-11,59.347
2011-04-12,62.81
2011-04-13,61.334
2011-04-18,62.641
2011-04-19,58.42
2011-04-20,58.636
2011-04-21,59.004
2011-04-24,55.152
2011-04-25,51.126
2011-04-26,49.848
2011-04-27,53.355
2011-04-28,56.147
2011-05-02,54.394
2011-05-03,50.844
2011-05-04,54.242
2011-05-05,51.688
2011-05-08,47.814
2011-05-09,47.727
2011-05-10,45.281
2011-05-11,43.095
2011-05-12,43.81
2011-05-15,46.775
2011-05-16,49.87
2011-05-18,48.203
2011-05-19,46.234
2011-05-22,44.459
2011-05-23,43.485
2011-05-24,44.437
2011-05-25,42.792
2011-05-26,43.939
2011-05-29,44.913
2011-05-30,45.195
2011-05-31,45.152
2011-06-01,44.069
2011-06-02,44.394
2011-06-05,44.048
2011-06-06,44.545
2011-06-07,45.779
2011-06-08,45.887
2011-06-09,45.736
2011-06-12,43.16
2011-06-13,43.42
2011-06-14,41.623
2011-06-15,41.234
2011-06-16,41.623
2011-06-19,40.043
2011-06-20,40.303
2011-06-21,41.19
2011-06-22,40.736
2011-06-23,41.212
2011-06-26,41.126
2011-06-27,41.104
2011-06-28,42.359
2011-06-29,42.641
2011-06-30,42.013
2011-07-03,42.987
2011-07-04,42.511
2011-07-05,42.424
2011-07-06,42.511
2011-07-07,43.377
2011-07-10,46.623
2011-07-11,46.688
2011-07-12,46.212
2011-07-13,45.974
2011-07-14,46.061
2011-07-17,45.693
2011-07-19,46.234
2011-07-20,48.506
2011-07-21,47.9
2011-07-24,49.156
2011-07-25,49.719
2011-07-26,47.251
2011-07-27,46.212
2011-07-28,47.727
2011-07-31,46.19
2011-08-01,45.065
2011-08-02,43.117
2011-08-03,45.39
2011-08-04,43.55
2011-08-07,43.355
2011-08-08,43.874
2011-08-09,42.662
2011-08-10,42.468
2011-08-11,42.684
2011-08-14,41.883
2011-08-16,40.866
2011-08-17,39.892
2011-08-18,40.195
2011-08-21,39.935
2011-08-23,39.545
2011-08-24,42.771
2011-08-25,44.026
2011-09-04,42.619
2011-09-05,41.753
2011-09-06,41.147
2011-09-07,41.602
2011-09-08,41.407
2011-09-11,40.931
2011-09-12,40.39
2011-09-13,41.017
2011-09-14,40.065
2011-09-15,40.216
2011-09-18,39.004
2011-09-19,39.026
2011-09-20,38.333
2011-09-21,36.818
2011-09-22,36.537
2011-09-25,38.571
2011-09-26,41.645
2011-09-27,40.714
2011-09-28,39.957
2011-09-29,40.411
2011-10-02,41.104
2011-10-03,39.545
2011-10-04,38.961
2011-10-05,41.061
2011-10-09,39.307
2011-10-10,38.896
2011-10-11,36.299
2011-10-12,37.619
2011-10-13,38.247
2011-10-16,36.926
2011-10-17,37.121
2011-10-18,35.022
2011-10-19,34.654
2011-10-20,37.143
2011-10-23,36.255
2011-10-24,35.152
2011-10-25,35.714
2011-10-26,33.398
2011-10-27,32.403
2011-10-30,30.152
2011-10-31,27.554
2011-11-01,27.922
2011-11-02,27.641
2011-11-03,26.515
2011-11-13,24.61
2011-11-14,22.857
2011-11-15,20.931
2011-11-16,22.662
2011-11-17,24.567
2011-11-20,26.645
2011-11-21,28.961
2011-11-22,31.494
2011-11-23,30.325
2011-11-24,29.394
2011-11-27,27.035
2011-11-28,28.398
2011-11-29,27.879
2011-11-30,29.394
2011-12-04,27.965
2011-12-05,26.234
2011-12-07,26.926
2011-12-08,25.801
2011-12-11,24.935
2011-12-12,25.801
2011-12-13,27.879
2011-12-14,26.32
2011-12-15,26.58
2011-12-18,27.013
2011-12-19,29.264
2011-12-20,29.091
2011-12-21,31.775
2011-12-22,31.169
2011-12-26,29.784
2011-12-27,31.169
2011-12-28,30.13
2011-12-29,30.39
2012-01-01,31.255
2012-01-02,31.515
2012-01-03,34.372
2012-01-04,34.545
2012-01-05,33.593
2012-01-08,33.853
2012-01-09,32.294
2012-01-10,30.563
2012-01-11,31.948
2012-01-12,30.736
2012-01-15,30.303
2012-01-16,29.87
2012-01-18,29.264
2012-01-19,30.649
2012-01-22,28.571
2012-01-23,28.139
2012-01-24,27.013
2012-01-25,27.273
2012-01-26,26.32
2012-01-29,24.416
2012-01-30,25.455
2012-01-31,23.896
2012-02-01,21.645
2012-02-02,20.779
2012-02-06,19.048
2012-02-07,20.952
2012-02-08,20.433
2012-02-09,21.472
2012-02-12,23.29
2012-02-13,23.117
2012-02-14,21.905
2012-02-15,22.944
2012-02-16,22.597
2012-02-19,22.165
2012-02-20,22.165
2012-02-22,22.424
2012-02-23,23.896
2012-02-26,26.061
2012-02-27,26.147
2012-02-28,28.398
2012-02-29,27.446
2012-03-01,25.714
2012-03-04,26.234
2012-03-05,24.675
2012-03-06,24.589
2012-03-07,23.03
2012-03-08,24.156
2012-03-11,23.896
2012-03-12,24.156
2012-03-13,25.887
2012-03-14,25.541
2012-03-15,25.714
2012-03-18,26.234
2012-03-19,27.1
2012-03-20,27.446
2012-03-21,26.061
2012-03-22,26.147
2012-03-25,27.792
2012-03-27,27.446
2012-03-28,27.619
2012-03-29,26.58
2012-04-01,26.84
2012-04-02,27.273
2012-04-03,28.139
2012-04-04,27.1
2012-04-05,27.532
2012-04-08,26.84
2012-04-09,26.061
2012-04-10,27.706
2012-04-11,27.273
2012-04-12,26.667
2012-04-15,26.494
2012-04-16,26.32
2012-04-17,26.32
2012-04-18,25.974
2012-04-19,24.675
2012-04-22,25.541
2012-04-23,24.762
2012-04-24,24.242
2012-04-25,23.723
2012-04-26,23.29
2012-04-29,23.29
2012-04-30,24.242
2012-05-02,24.329
2012-05-03,23.723
2012-05-07,22.944
2012-05-08,22.771
2012-05-09,22.165
2012-05-10,23.203
2012-05-13,22.597
2012-05-14,23.896
2012-05-15,23.117
2012-05-16,23.117
2012-05-17,22.857
2012-05-20,22.338
2012-05-22,21.714
2012-05-23,20.952
2012-05-24,20.952
2012-05-27,20.476
2012-05-28,19.905
2012-05-29,20.0
2012-05-30,19.81
2012-05-31,20.095
2012-06-03,21.048
2012-06-04,19.333
2012-06-05,20.286
2012-06-06,20.095
2012-06-07,21.048
2012-06-10,20.667
2012-06-11,20.667
2012-06-12,20.476
2012-06-13,20.667
2012-06-14,20.381
2012-06-17,19.714
2012-06-18,19.333
2012-06-19,19.048
2012-06-20,18.476
2012-06-21,17.905
2012-06-24,17.905
2012-06-25,17.714
2012-06-26,18.667
2012-06-27,19.429
2012-06-28,19.048
2012-07-02,17.905
2012-07-03,18.0
2012-07-04,17.143
2012-07-05,17.048
2012-07-08,16.857
2012-07-09,15.238
2012-07-10,14.19
2012-07-11,15.048
2012-07-12,15.333
2012-07-15,14.095
2012-07-16,14.286
2012-07-17,14.476
2012-07-18,15.524
2012-07-19,15.238
2012-07-22,15.429
2012-07-23,15.619
2012-07-24,16.286
2012-07-25,15.81
2012-07-26,16.667
2012-07-29,16.286
2012-07-30,16.095
2012-08-01,15.524
2012-08-02,15.619
2012-08-05,15.238
2012-08-06,15.524
2012-08-07,15.714
2012-08-08,16.857
2012-08-12,16.857
2012-08-13,16.0
2012-08-14,16.095
2012-08-26,16.667
2012-08-27,17.619
2012-08-28,18.952
2012-08-29,20.571
2012-08-30,19.143
2012-09-02,18.381
2012-09-03,18.952
2012-09-04,19.429
2012-09-05,18.762
2012-09-06,18.381
2012-09-09,18.667
2012-09-10,18.667
2012-09-11,20.476
2012-09-12,20.952
2012-09-13,23.048
2012-09-16,24.095
2012-09-17,23.714
2012-09-18,25.905
2012-09-19,26.286
2012-09-23,27.048
2012-09-24,28.19
2012-09-25,30.952
2012-09-26,29.714
2012-09-27,28.667
2012-09-30,26.381
2012-10-01,27.81
2012-10-02,27.048
2012-10-03,26.095
2012-10-04,24.952
2012-10-07,23.429
2012-10-08,23.429
2012-10-09,25.714
2012-10-10,24.857
2012-10-11,24.667
2012-10-14,25.143
2012-10-15,24.286
2012-10-16,24.0
2012-10-17,23.333
2012-10-18,23.238
2012-10-21,22.286
2012-10-22,22.667
2012-10-23,22.286
2012-10-30,22.0
2012-10-31,21.81
2012-11-01,21.905
2012-11-04,21.143
2012-11-05,21.429
2012-11-06,20.952
2012-11-07,20.667
2012-11-08,19.905
2012-11-11,18.571
2012-11-12,18.667
2012-11-13,20.095
2012-11-14,19.714
2012-11-15,20.571
2012-11-18,21.714
2012-11-19,20.381
2012-11-20,20.286
2012-11-21,20.857
2012-11-22,21.524
2012-11-26,20.667
2012-11-27,20.381
2012-11-28,20.381
2012-11-29,22.095
2012-12-02,21.048
2012-12-03,20.571
2012-12-04,20.857
2012-12-05,20.762
2012-12-06,20.476
2012-12-09,19.905
2012-12-10,19.524
2012-12-11,19.524
2012-12-12,19.429
2012-12-13,19.429
2012-12-17,19.524
2012-12-18,19.238
2012-12-19,19.333
2012-12-20,19.714
2012-12-23,19.238
2012-12-24,19.143
2012-12-26,18.952
2012-12-27,19.048
2012-12-30,19.048
2013-01-01,18.857
2013-01-02,18.571
2013-01-03,18.667
2013-01-06,18.952
2013-01-07,18.571
2013-01-08,18.571
2013-01-09,18.476
2013-01-10,18.667
2013-01-13,18.476
2013-01-14,18.19
2013-01-15,18.095
2013-01-16,18.095
2013-01-17,18.286
2013-01-20,18.0
2013-01-21,17.905
2013-01-22,17.905
2013-01-23,18.286
2013-01-24,19.143
2013-01-27,18.571
2013-01-28,18.476
2013-01-29,19.619
2013-01-30,19.333
2013-01-31,20.0
2013-02-03,20.19
2013-02-04,19.714
2013-02-05,20.0
2013-02-06,19.81
2013-02-07,19.524
2013-02-10,19.619
2013-02-11,19.905
2013-02-12,19.714
2013-02-13,19.905
2013-02-14,20.857
2013-02-17,20.571
2013-02-18,20.286
2013-02-19,19.619
2013-02-20,19.143
2013-02-24,18.667
2013-02-25,18.381
2013-02-26,18.857
2013-02-27,17.905
2013-02-28,18.0
2013-03-03,16.667
2013-03-04,17.714
2013-03-05,17.333
2013-03-06,17.048
2013-03-07,16.857
2013-03-10,16.381
2013-03-11,16.667
2013-03-12,16.381
2013-03-13,17.048
2013-03-14,16.571
2013-03-18,16.286
2013-03-19,16.476
2013-03-20,16.19
2013-03-24,15.714
2013-03-25,15.524
2013-03-27,14.667
2013-03-28,14.952
2013-03-31,14.476
2013-04-01,13.714
2013-04-02,14.095
2013-04-03,14.095
2013-04-04,13.905
2013-04-07,13.81
2013-04-08,14.571
2013-04-09,15.905
2013-04-10,16.0
2013-04-11,16.0
2013-04-15,17.143
2013-04-16,16.095
2013-04-17,16.0
2013-04-18,16.19
2013-04-21,15.714
2013-04-22,15.714
2013-04-23,16.19
2013-04-24,16.762
2013-04-25,17.524
2013-04-28,16.571
2013-04-29,16.286
2013-04-30,15.905
2013-05-02,16.19
2013-05-05,16.095
2013-05-06,15.714
2013-05-07,16.381
2013-05-08,15.905
2013-05-09,16.381
2013-05-12,17.143
2013-05-13,16.571
2013-05-14,16.476
2013-05-15,16.19
2013-05-16,17.143
2013-05-19,17.143
2013-05-20,16.762
2013-05-21,16.381
2013-05-22,15.905
2013-05-27,16.4
2013-05-28,16.3
2013-05-29,16.5
2013-05-30,16.7
2013-06-02,17.3
2013-06-03,17.2
2013-06-04,16.8
2013-06-05,16.8
2013-06-06,16.4
2013-06-09,15.8
2013-06-10,16.4
2013-06-11,16.3
2013-06-12,16.4
2013-06-13,16.3
2013-06-16,16.6
2013-06-17,16.5
2013-06-18,16.2
2013-06-19,16.1
2013-06-20,15.8
2013-06-23,15.3
2013-06-24,15.0
2013-06-26,14.9
2013-06-27,14.6
2013-06-30,14.2
2013-07-02,15.5
2013-07-03,15.6
2013-07-04,15.9
2013-07-07,15.8
2013-07-08,15.8
2013-07-09,15.1
2013-07-10,15.0
2013-07-11,14.2
2013-07-14,14.0
2013-07-15,14.0
2013-07-16,14.3
2013-07-17,13.9
2013-07-18,14.6
2013-07-21,14.1
2013-07-22,13.4
2013-07-23,13.4
2013-07-24,14.1
2013-07-25,13.3
2013-07-28,13.4
2013-07-29,13.5
2013-07-30,13.1
2013-07-31,13.0
2013-08-01,13.1
2013-08-04,12.9
2013-08-05,13.0
2013-08-12,13.3
2013-08-13,13.3
2013-08-14,13.2
2013-08-18,13.4
2013-08-19,13.2
2013-08-20,13.3
2013-08-21,13.8
2013-08-22,15.1
2013-08-25,15.3
2013-08-26,14.7
2013-08-27,15.4
2013-08-29,15.5
2013-09-01,15.0
2013-09-02,14.7
2013-09-03,14.6
2013-09-04,16.0
2013-09-05,16.7
2013-09-08,16.1
2013-09-09,17.0
2013-09-10,17.3
2013-09-11,16.9
2013-09-12,16.8
2013-09-15,18.4
2013-09-16,20.2
2013-09-17,22.2
2013-09-18,22.3
2013-09-19,21.9
2013-09-22,24.0
2013-09-23,24.3
2013-09-24,22.5
2013-09-25,20.8
2013-09-26,22.6
2013-09-29,21.0
2013-09-30,20.6
2013-10-01,20.5
2013-10-02,20.9
2013-10-03,20.6
2013-10-06,19.4
2013-10-07,19.0
2013-10-08,17.5
2013-10-09,17.8
2013-10-10,17.4
2013-10-20,15.9
2013-10-21,17.2
2013-10-22,18.5
2013-10-23,17.7
2013-10-24,17.0
2013-10-27,17.6
2013-10-28,16.9
2013-10-29,16.6
2013-10-30,16.9
2013-10-31,16.9
2013-11-03,16.2
2013-11-04,16.2
2013-11-05,16.1
2013-11-06,16.0
2013-11-07,15.8
2013-11-11,16.9
2013-11-12,16.7
2013-11-13,17.5
2013-11-14,16.9
2013-11-17,17.4
2013-11-18,17.3
2013-11-19,17.2
2013-11-20,17.8
2013-11-21,18.5
2013-11-24,17.5
2013-11-25,17.7
2013-11-26,18.1
2013-11-27,18.1
2013-11-28,17.7
2013-12-01,17.0
2013-12-02,17.2
2013-12-03,17.7
2013-12-04,17.8
2013-12-05,17.9
2013-12-08,19.5
2013-12-09,20.3
2013-12-10,21.3
2013-12-11,21.7
2013-12-12,20.4
2013-12-15,20.6
2013-12-17,21.0
2013-12-18,20.4
2013-12-19,20.7
2013-12-22,22.0
2013-12-23,21.0
2013-12-24,20.6
2013-12-26,20.1
2013-12-29,19.8
2013-12-30,20.2
2014-01-01,19.9
2014-01-02,19.7
2014-01-06,19.4
2014-01-07,19.7
2014-01-08,19.8
2014-01-09,19.7
2014-01-12,19.7
2014-01-13,19.8
2014-01-15,20.2
2014-01-16,20.3
2014-01-19,19.8
2014-01-20,19.6
2014-01-21,19.5
2014-01-22,20.0
2014-01-23,19.7
2014-01-26,19.4
2014-01-27,19.5
2014-01-28,19.3
2014-01-29,19.6
2014-01-30,19.6
2014-02-02,19.3
2014-02-03,19.2
2014-02-04,19.0
2014-02-05,19.3
2014-02-06,18.9
2014-02-09,18.5
2014-02-10,18.5
2014-02-11,18.6
2014-02-12,18.2
2014-02-13,18.0
2014-02-16,17.9
2014-02-17,17.3
2014-02-18,17.3
2014-02-19,17.5
2014-02-20,18.2
2014-02-23,17.9
2014-02-24,18.0
2014-02-25,17.8
2014-02-26,18.0
2014-02-27,17.5
2014-03-02,16.7
2014-03-03,16.7
2014-03-04,17.7
2014-03-05,17.1
2014-03-06,17.0
2014-03-09,17.0
2014-03-10,17.0
2014-03-11,16.8
2014-03-12,16.9
2014-03-13,17.1
2014-03-16,17.1
2014-03-18,16.9
2014-03-19,16.9
2014-03-20,17.0
2014-03-23,17.3
2014-03-24,17.0
2014-03-25,16.9
2014-03-27,16.7
2014-03-30,17.0
2014-03-31,16.8
2014-04-01,17.2
2014-04-02,17.1
2014-04-03,16.8
2014-04-06,16.7
2014-04-07,16.3
2014-04-08,15.7
2014-04-09,15.8
2014-04-10,15.5
2014-04-13,14.7
2014-04-15,14.6
2014-04-16,14.5
2014-04-17,14.8
2014-04-20,15.2
2014-04-21,15.0
2014-04-22,15.9
2014-04-23,15.1
2014-04-24,15.2
2014-04-27,15.0
2014-04-28,14.0
2014-04-29,13.7
2014-04-30,9.9
2014-05-04,9.3
2014-05-05,9.2
2014-05-06,9.3
2014-05-07,9.4
2014-05-08,9.7
2014-05-11,9.7
2014-05-12,9.8
2014-05-14,9.6
2014-05-18,9.1
2014-05-19,9.0
2014-05-20,8.9
2014-05-21,8.8
2014-05-22,8.8
2014-05-25,8.8
2014-05-26,8.8
2014-05-27,8.8
2014-05-28,8.9
2014-05-29,8.8
2014-06-01,8.6
2014-06-02,8.5
2014-06-03,8.8
2014-06-04,8.5
2014-06-05,8.7
2014-06-08,8.8
2014-06-09,8.9
2014-06-10,9.0
2014-06-11,9.1
2014-06-12,9.0
2014-06-15,8.9
2014-06-16,8.7
2014-06-17,8.7
2014-06-18,8.5
2014-06-19,8.6
2014-06-22,8.7
2014-06-23,8.8
2014-06-24,8.9
2014-06-25,9.0
2014-06-26,9.0
2014-06-29,9.2
2014-06-30,9.1
2014-07-02,9.1
2014-07-03,9.0
2014-07-06,9.0
2014-07-07,9.0
2014-07-08,9.0
2014-07-09,8.9
2014-07-10,8.8
2014-07-13,8.8
2014-07-14,8.9
2014-07-15,8.9
2014-07-16,9.0
2014-07-17,9.1
2014-07-20,9.2
2014-07-21,9.1
2014-07-22,9.1
2014-07-23,9.0
2014-07-24,9.1
2014-08-03,8.8
2014-08-04,8.8
2014-08-05,8.8
2014-08-06,8.9
2014-08-07,8.9
2014-08-10,8.9
2014-08-11,8.8
2014-08-12,8.7
2014-08-13,8.8
2014-08-14,8.8
2014-08-18,9.0
2014-08-19,8.9
2014-08-20,8.9
2014-08-21,8.7
2014-08-24,8.6
2014-08-25,8.7
2014-08-26,8.6
2014-08-27,8.6
2014-08-28,8.6
2014-08-31,8.7
2014-09-01,8.8
2014-09-02,8.7
2014-09-03,8.8
2014-09-04,8.8
2014-09-07,9.0
2014-09-08,8.9
2014-09-09,8.8
2014-09-10,8.8
2014-09-11,8.8
2014-09-14,8.8
2014-09-15,8.8
2014-09-16,8.7
2014-09-17,8.6
2014-09-18,8.7
2014-09-21,8.8
2014-09-22,8.7
2014-09-23,8.9
2014-09-24,8.9
2014-09-25,8.8
2014-09-28,8.8
2014-09-29,8.8
2014-09-30,8.7
2014-10-01,8.9
2014-10-02,9.0
2014-10-12,9.2
2014-10-13,10.0
2014-10-14,10.2
2014-10-15,10.2
2014-10-16,10.1
2014-10-19,9.6
2014-10-20,9.6
2014-10-21,9.5
2014-10-22,9.6
2014-10-23,9.5
2014-10-26,9.3
2014-10-27,9.2
2014-10-28,9.2
2014-10-29,10.1
2014-10-30,9.9
2014-11-02,10.7
2014-11-03,11.7
2014-11-05,11.3
2014-11-06,10.9
2014-11-09,11.5
2014-11-10,11.0
2014-11-11,10.9
2014-11-12,10.5
2014-11-13,10.4
2014-11-16,10.1
2014-11-17,10.1
2014-11-18,9.8
2014-11-19,9.7
2014-11-20,9.6
2014-11-23,9.5
2014-11-24,9.4
2014-11-25,9.5
2014-11-26,9.9
2014-11-27,10.0
2014-11-30,9.8
2014-12-01,9.5
2014-12-02,10.1
2014-12-03,11.0
2014-12-04,10.8
2014-12-07,11.6
2014-12-08,11.3
2014-12-09,11.6
2014-12-10,11.6
2014-12-11,11.4
2014-12-14,11.1
2014-12-15,11.1
2014-12-17,10.6
2014-12-18,10.7
2014-12-21,11.1
2014-12-22,11.5
2014-12-23,11.2
2014-12-24,11.3
2014-12-28,11.1
2014-12-29,11.2
2014-12-30,11.5
2015-01-01,11.2
2015-01-05,11.1
2015-01-06,11.0
2015-01-07,11.1
2015-01-08,11.3
2015-01-11,10.5
2015-01-12,10.5
2015-01-13,11.1
2015-01-14,11.1
2015-01-15,11.1
2015-01-18,11.2
2015-01-19,11.0
2015-01-20,10.9
2015-01-21,10.7
2015-01-22,10.6
2015-01-25,10.2
2015-01-26,10.0
2015-01-27,10.3
2015-01-28,10.0
2015-01-29,10.0
2015-02-01,10.0
2015-02-02,9.8
2015-02-03,10.3
2015-02-04,10.3
2015-02-05,10.4
2015-02-08,10.7
2015-02-09,10.6
2015-02-10,10.9
2015-02-11,10.9
2015-02-12,10.7
2015-02-15,10.7
2015-02-16,11.1
2015-02-17,11.1
2015-02-18,11.1
2015-02-19,10.9
2015-02-22,11.0
2015-02-23,10.9
2015-02-24,10.8
2015-02-25,10.8
2015-02-26,10.8
2015-03-01,10.8
2015-03-02,10.7
2015-03-03,10.1
2015-03-04,10.3
2015-03-05,10.4
2015-03-08,10.2
2015-03-09,10.2
2015-03-10,10.2
2015-03-11,10.3
2015-03-12,10.2
2015-03-15,10.2
2015-03-16,10.1
2015-03-18,10.3
2015-03-19,10.5
2015-03-22,10.4
2015-03-23,10.0
2015-03-24,10.3
2015-03-25,10.0
2015-03-29,10.1
2015-03-30,10.0
2015-03-31,10.0
2015-04-01,10.0
2015-04-02,9.9
2015-04-05,9.8
2015-04-06,9.3
2015-04-07,9.1
2015-04-08,9.1
2015-04-09,9.3
2015-04-13,9.2
2015-04-15,9.3
2015-04-16,9.4
2015-04-19,10.3
2015-04-20,11.3
2015-04-21,12.4
2015-04-22,13.6
2015-04-23,12.3
2015-04-26,11.2
2015-04-27,11.7
2015-04-29,10.8
2015-04-30,8.6
2015-05-04,8.0
2015-05-05,8.0
2015-05-06,8.0
2015-05-07,7.9
2015-05-10,7.9
2015-05-11,8.4
2015-05-12,7.9
2015-05-13,8.1
2015-05-14,8.0
2015-05-17,7.8
2015-05-18,7.8
2015-05-19,7.9
2015-05-20,8.1
2015-05-21,8.1
2015-05-25,7.9
2015-05-26,8.1
2015-05-27,8.0
2015-05-28,8.1
2015-05-31,8.0
2015-06-01,8.0
2015-06-02,8.0
2015-06-04,7.9
2015-06-07,7.9
2015-06-08,7.9
2015-06-09,7.9
2015-06-10,7.9
2015-06-11,7.9
2015-06-14,7.9
2015-06-15,8.0
2015-06-16,7.9
2015-06-17,7.9
2015-06-18,8.0
2015-06-21,8.0
2015-06-22,8.3
2015-06-23,8.4
2015-06-24,8.3
2015-06-25,8.2
2015-06-28,8.0
2015-06-29,8.0
2015-06-30,8.1
2015-07-02,8.1
2015-07-05,8.0
2015-07-06,8.1
2015-07-07,8.3
2015-07-08,8.5
2015-07-09,8.5
2015-07-12,8.7
2015-07-13,8.5
2015-07-14,8.6
2015-07-21,9.0
2015-07-22,8.8
2015-07-23,8.9
2015-07-26,8.8
2015-07-27,8.8
2015-07-28,8.8
2015-07-29,8.8
2015-07-30,8.8
2015-08-02,8.8
2015-08-03,8.4
2015-08-04,8.3
2015-08-05,8.4
2015-08-06,8.4
2015-08-09,8.3
2015-08-10,8.7
2015-08-11,8.8
2015-08-12,8.5
2015-08-13,8.6
2015-08-16,8.4
2015-08-17,8.7
2015-08-18,8.5
2015-08-19,8.5
2015-08-20,8.6
2015-08-23,8.5
2015-08-24,8.6
2015-08-25,8.5
2015-08-26,8.6
2015-08-27,8.7
2015-08-30,8.8
2015-08-31,8.8
2015-09-01,8.7
2015-09-02,8.6
2015-09-03,8.5
2015-09-06,8.5
2015-09-07,8.8
2015-09-08,8.7
2015-09-09,8.7
2015-09-10,8.9
2015-09-13,9.7
2015-09-14,9.9
2015-09-15,9.2
2015-09-16,9.0
2015-09-17,9.4
2015-09-20,9.7
2015-09-21,9.6
2015-09-22,9.8
2015-09-28,9.8
2015-09-29,10.0
2015-09-30,9.9
2015-10-01,9.9
2015-10-04,9.5
2015-10-05,9.3
2015-10-06,9.3
2015-10-07,9.5
2015-10-08,9.4
2015-10-11,9.2
2015-10-12,9.3
2015-10-13,8.8
2015-10-14,9.4
2015-10-15,9.3
2015-10-18,9.2
2015-10-19,9.0
2015-10-20,9.1
2015-10-21,8.8
2015-10-25,8.6
2015-10-26,9.1
2015-10-27,8.9
2015-10-28,8.8
2015-10-29,8.6
2015-11-01,8.4
2015-11-02,8.7
2015-11-03,8.6
2015-11-04,8.9
2015-11-05,8.7
2015-11-08,8.4
2015-11-09,8.4
2015-11-10,8.4
2015-11-11,8.3
2015-11-12,8.3
2015-11-15,8.4
2015-11-16,8.5
2015-11-17,8.7
2015-11-18,8.4
2015-11-19,8.5
2015-11-22,8.5
2015-11-23,8.5
2015-11-24,8.7
2015-11-25,8.6
2015-11-26,8.6
2015-11-29,8.7
2015-11-30,8.8
2015-12-01,9.2
2015-12-02,9.0
2015-12-03,8.9
2015-12-06,9.1
2015-12-07,9.1
2015-12-08,9.0
2015-12-09,8.9
2015-12-10,9.0
2015-12-13,8.9
2015-12-14,8.9
2015-12-15,8.9
2015-12-17,8.9
2015-12-20,8.9
2015-12-21,9.0
2015-12-22,9.0
2015-12-23,9.4
2015-12-24,10.0
2015-12-27,10.7
2015-12-28,9.7
2015-12-29,9.4
2015-12-30,9.5
2015-12-31,9.4
2016-01-03,9.4
2016-01-04,9.3
2016-01-05,9.5
2016-01-06,9.3
2016-01-07,9.3
2016-01-10,9.3
2016-01-11,9.4
2016-01-12,9.4
2016-01-13,9.4
2016-01-14,9.5
2016-01-17,9.4
2016-01-18,9.8
2016-01-19,9.5
2016-01-20,9.5
2016-01-21,9.6
2016-01-24,9.7
2016-01-25,9.8
2016-01-26,9.9
2016-01-27,10.1
2016-01-28,10.1
2016-01-31,10.0
2016-02-01,10.1
2016-02-02,10.0
2016-02-03,10.0
2016-02-04,10.1
2016-02-07,10.1
2016-02-08,10.0
2016-02-09,10.1
2016-02-10,10.1
2016-02-11,10.3
2016-02-14,10.3
2016-02-15,10.1
2016-02-16,10.1
2016-02-17,10.1
2016-02-18,10.1
2016-02-22,10.9
2016-02-23,11.0
2016-02-24,12.1
2016-02-25,12.2
2016-02-28,12.7
2016-02-29,12.3
2016-03-01,12.0
2016-03-02,10.9
2016-03-03,11.0
2016-03-06,10.6
2016-03-07,10.2
2016-03-08,10.0
2016-03-09,9.9
2016-03-10,9.9
2016-03-13,10.0
2016-03-14,10.1
2016-03-15,10.1
2016-03-16,10.0
2016-03-20,10.0
2016-03-21,10.0
2016-03-22,9.8
2016-03-23,9.6
2016-03-24,9.9
2016-03-27,10.0
2016-03-28,10.0
2016-03-29,10.1
2016-03-30,9.8
2016-03-31,9.4
2016-04-03,9.6
2016-04-04,9.5
2016-04-05,9.4
2016-04-06,9.5
2016-04-07,9.2
2016-04-10,9.4
2016-04-11,9.3
2016-04-12,9.5
2016-04-13,9.4
2016-04-17,9.4
2016-04-18,9.3
2016-04-19,9.0
2016-04-20,8.8
2016-04-21,9.6
2016-04-24,10.5
2016-04-25,10.1
2016-04-26,10.0
2016-04-27,9.7
2016-04-28,9.2
2016-05-02,7.2
2016-05-03,7.5
2016-05-04,7.6
2016-05-05,7.3
2016-05-08,7.5
2016-05-09,7.8
2016-05-10,7.7
2016-05-11,7.8
2016-05-12,7.7
2016-05-15,7.8
2016-05-16,7.9
2016-05-17,8.1
2016-05-18,8.2
2016-05-19,7.9
2016-05-24,7.9
2016-05-25,7.9
2016-05-26,7.9
2016-05-29,7.7
2016-05-30,7.8
2016-05-31,7.5
2016-06-01,7.9
2016-06-02,7.9
2016-06-05,7.8
2016-06-06,7.9
2016-06-07,7.8
2016-06-08,7.8
2016-06-09,7.7
2016-06-12,7.7
2016-06-13,7.6
2016-06-14,7.7
2016-06-15,7.6
2016-06-16,7.7
2016-06-19,7.6
2016-06-20,7.5
2016-06-21,7.4
2016-06-22,7.2
2016-06-23,7.4
2016-06-26,7.3
2016-06-27,7.3
2016-06-28,7.4
2016-06-29,7.4
2016-06-30,7.5
2016-07-10,7.7
2016-07-11,7.5
2016-07-12,7.5
2016-07-13,7.5
2016-07-14,7.7
2016-07-17,7.5
2016-07-18,7.7
2016-07-19,7.5
2016-07-20,7.6
2016-07-21,7.8
2016-07-24,7.4
2016-07-25,7.5
2016-07-26,7.4
2016-07-27,7.5
2016-07-28,7.5
2016-07-31,7.6
2016-08-01,8.3
2016-08-02,8.8
2016-08-03,8.3
2016-08-04,8.4
2016-08-07,9.0
2016-08-08,8.9
2016-08-09,8.9
2016-08-10,9.1
2016-08-11,9.3
2016-08-14,10.2
2016-08-16,10.3
2016-08-17,10.3
2016-08-18,9.3
2016-08-21,8.5
2016-08-22,9.0
2016-08-23,8.4
2016-08-24,8.5
2016-08-28,8.5
2016-08-29,8.4
2016-08-30,8.0
2016-08-31,7.9
2016-09-01,7.9
2016-09-04,7.8
2016-09-05,8.0
2016-09-06,7.9
2016-09-07,8.0
2016-09-08,8.4
2016-09-18,8.3
2016-09-19,8.2
2016-09-20,8.3
2016-09-21,8.2
2016-09-22,8.1
2016-09-24,8.2
2016-09-25,8.3
2016-09-26,8.3
2016-09-27,8.3
2016-09-28,8.4
2016-09-29,8.4
2016-10-02,8.3
2016-10-03,8.4
2016-10-04,8.5
2016-10-05,8.5
2016-10-06,8.8
2016-10-09,8.9
2016-10-10,8.5
2016-10-13,8.8
2016-10-16,8.8
2016-10-17,8.5
2016-10-18,8.6
2016-10-19,8.5
2016-10-20,8.7
2016-10-23,9.2
2016-10-24,9.0
2016-10-25,8.9
2016-10-26,8.8
2016-10-27,8.9
2016-10-30,8.8
2016-10-31,8.6
2016-11-01,8.9
2016-11-02,8.8
2016-11-03,9.0
2016-11-06,9.1
2016-11-07,9.1
2016-11-08,9.1
2016-11-09,9.0
2016-11-10,9.0
2016-11-13,8.9
2016-11-14,8.9
2016-11-15,8.7
2016-11-16,8.7
2016-11-17,8.6
2016-11-20,8.6
2016-11-21,8.6
2016-11-22,8.6
2016-11-23,8.8
2016-11-24,8.7
2016-11-27,8.7
2016-11-28,8.7
2016-11-29,8.7
2016-11-30,8.7
2016-12-01,9.0
2016-12-04,9.1
2016-12-05,9.2
2016-12-06,10.1
2016-12-07,9.9
2016-12-08,9.8
2016-12-11,9.2
2016-12-12,9.6
2016-12-14,9.8
2016-12-15,9.8
2016-12-18,9.8
2016-12-19,9.8
2016-12-20,9.7
2016-12-21,9.7
2016-12-22,9.9
2016-12-26,10.0
2016-12-27,9.9
2016-12-28,10.1
2016-12-29,10.2
2017-01-01,11.2
2017-01-02,11.6
2017-01-03,11.5
2017-01-04,12.5
2017-01-05,12.0
2017-01-08,11.8
2017-01-09,12.3
2017-01-10,12.5
2017-01-11,13.1
2017-01-12,13.8
2017-01-15,14.8
2017-01-16,14.7
2017-01-17,15.2
2017-01-18,15.5
2017-01-19,14.5
2017-01-22,14.4
2017-01-23,13.6
2017-01-24,12.3
2017-01-25,11.7
2017-01-26,12.6
2017-01-29,12.2
2017-01-30,11.7
2017-01-31,11.7
2017-02-01,12.5
2017-02-02,12.7
2017-02-05,12.7
2017-02-06,12.8
2017-02-07,12.4
2017-02-08,12.5
2017-02-09,12.7
2017-02-12,12.8
2017-02-13,12.5
2017-02-14,12.7
2017-02-15,12.6
2017-02-16,12.7
2017-02-19,12.3
2017-02-20,12.6
2017-02-22,12.9
2017-02-23,13.1
2017-02-26,13.5
2017-02-27,13.4
2017-02-28,13.7
2017-03-01,13.7
2017-03-02,13.6
2017-03-05,13.8
2017-03-06,13.8
2017-03-07,13.7
2017-03-08,13.6
2017-03-09,13.4
2017-03-12,13.4
2017-03-13,13.4
2017-03-14,13.5
2017-03-15,13.4
2017-03-16,13.4
2017-03-19,13.4
2017-03-20,13.1
2017-03-21,13.0
2017-03-22,12.9
2017-03-23,12.7
2017-03-27,12.6
2017-03-28,12.7
2017-03-29,12.0
2017-03-30,11.9
2017-04-02,12.2
2017-04-03,12.4
2017-04-04,12.3
2017-04-05,12.2
2017-04-06,11.9
2017-04-09,11.9
2017-04-10,12.0
2017-04-11,11.9
2017-04-12,12.1
2017-04-13,12.4
2017-04-16,12.1
2017-04-17,12.0
2017-04-18,11.8
2017-04-19,11.9
2017-04-20,11.8
2017-04-23,11.6
2017-04-24,11.6
2017-04-25,12.0
2017-04-26,11.9
2017-04-27,11.8
2017-04-30,11.8
2017-05-02,11.6
2017-05-03,11.5
2017-05-04,11.6
2017-05-07,11.6
2017-05-08,11.5
2017-05-09,11.6
2017-05-11,11.6
2017-05-14,11.4
2017-05-15,11.5
2017-05-16,11.7
2017-05-17,11.8
2017-05-18,11.7
2017-05-21,11.5
2017-05-22,11.5
2017-05-23,11.5
2017-05-24,11.2
2017-05-25,11.3
2017-05-29,11.7
2017-05-30,11.3
2017-05-31,12.1
2017-06-01,12.7
2017-06-04,12.0
2017-06-05,12.1
2017-06-06,11.9
2017-06-07,11.9
2017-06-08,11.9
2017-06-11,12.3
2017-06-12,12.0
2017-06-13,12.1
2017-06-14,12.1
2017-06-15,12.2
2017-06-18,12.3
2017-06-19,12.3
2017-06-20,12.4
2017-06-21,12.6
2017-06-22,12.3
2017-06-28,12.7
2017-06-29,12.6
2017-07-02,12.8
2017-07-03,13.0
2017-07-04,13.6
2017-07-05,13.5
2017-07-06,13.1
2017-07-09,13.1
2017-07-10,13.1
2017-07-11,13.0
2017-07-12,13.4
2017-07-13,14.0
2017-07-16,14.2
2017-07-17,14.1
2017-07-18,13.8
2017-07-19,13.6
2017-07-20,13.4
2017-07-23,12.7
2017-07-24,13.9
2017-07-25,13.6
2017-07-26,13.5
2017-07-27,13.6
2017-07-30,13.9
2017-07-31,13.9
2017-08-01,14.4
2017-08-02,14.6
2017-08-03,14.3
2017-08-06,14.1
2017-08-07,13.9
2017-08-08,13.9
2017-08-09,13.5
2017-08-10,13.5
2017-08-13,13.1
2017-08-16,13.0
2017-08-17,13.1
2017-08-20,13.0
2017-08-21,12.9
2017-08-22,12.6
2017-08-23,13.0
2017-08-24,12.8
2017-08-27,13.6
2017-08-28,14.0
2017-08-29,13.8
2017-08-30,14.0
2017-08-31,13.8
2017-09-04,14.0
2017-09-05,13.8
2017-09-06,14.1
2017-09-07,14.1
2017-09-10,13.8
2017-09-11,13.6
2017-09-12,13.7
2017-09-13,13.2
2017-09-14,13.7
2017-09-17,13.6
2017-09-18,13.3
2017-09-19,13.3
2017-09-20,13.3
2017-09-21,13.1
2017-09-24,13.0
2017-09-25,13.0
2017-09-26,12.8
2017-09-27,12.7
2017-09-28,12.6
2017-10-02,12.5
2017-10-03,12.5
2017-10-04,12.6
2017-10-05,12.6
2017-10-08,13.0
2017-10-09,12.8
2017-10-10,13.0
2017-10-11,12.8
2017-10-12,13.0
2017-10-15,12.5
2017-10-16,13.4
2017-10-17,13.0
2017-10-18,13.3
2017-10-19,12.6
2017-10-22,12.9
2017-10-23,13.0
2017-10-24,12.9
2017-10-25,12.7
2017-10-26,12.4
2017-10-29,12.6
2017-10-30,12.9
2017-10-31,13.4
2017-11-01,13.2
2017-11-02,13.3
2017-11-05,13.0
2017-11-06,12.6
2017-11-07,13.0
2017-11-08,12.8
2017-11-09,12.7
2017-11-12,12.5
2017-11-13,12.2
2017-11-14,12.6
2017-11-15,13.4
2017-11-16,12.8
2017-11-19,12.9
2017-11-21,12.9
2017-11-22,12.6
2017-11-23,13.0
2017-11-26,12.9
2017-11-27,12.9
2017-11-28,13.2
2017-11-29,13.5
2017-11-30,13.3
2017-12-03,13.5
2017-12-04,13.6
2017-12-05,13.4
2017-12-06,13.4
2017-12-07,13.9
2017-12-10,15.2
2017-12-11,14.6
2017-12-12,15.5
2017-12-13,16.0
2017-12-14,16.0
2017-12-17,16.6
2017-12-18,16.1
2017-12-19,15.4
2017-12-20,14.9
2017-12-21,15.1
2017-12-24,15.3
2017-12-26,15.2
2017-12-27,14.8
2017-12-28,14.9
2018-01-01,14.7
2018-01-02,14.8
2018-01-03,14.7
2018-01-04,14.5
2018-01-07,14.5
2018-01-08,14.3
2018-01-09,14.3
2018-01-10,14.1
2018-01-11,14.7
2018-01-14,15.0
2018-01-15,15.4
2018-01-16,16.1
2018-01-17,16.9
2018-01-18,18.5
2018-01-21,19.0
2018-01-22,18.1
2018-01-23,19.8
2018-01-24,19.9
2018-01-25,19.9
2018-01-28,20.1
2018-01-29,19.9
2018-01-30,20.9
2018-01-31,20.0
2018-02-01,21.3
2018-02-04,21.4
2018-02-05,22.4
2018-02-06,23.4
2018-02-07,24.2
2018-02-08,25.8
2018-02-11,28.1
2018-02-12,26.7
2018-02-13,29.3
2018-02-14,28.2
2018-02-15,26.6
2018-02-18,26.5
2018-02-19,27.4
2018-02-20,25.8
2018-02-22,24.5
2018-02-25,26.0
2018-02-26,24.7
2018-02-27,25.0
2018-02-28,24.4
2018-03-01,25.2
2018-03-04,25.3
2018-03-05,24.6
2018-03-06,24.0
2018-03-07,23.6
2018-03-08,22.7
2018-03-11,23.7
2018-03-12,21.4
2018-03-13,19.3
2018-03-14,20.9
2018-03-15,22.0
2018-03-18,21.6
2018-03-19,20.2
2018-03-20,20.6
2018-03-21,19.2
2018-03-22,19.3
2018-03-25,19.7
2018-03-27,19.3
2018-03-28,18.4
2018-03-29,19.1
2018-04-01,20.4
2018-04-02,19.8
2018-04-03,19.9
2018-04-04,19.2
2018-04-05,18.5
2018-04-08,19.3
2018-04-09,18.9
2018-04-10,19.0
2018-04-11,18.7
2018-04-12,18.6
2018-04-15,17.7
2018-04-16,17.1
2018-04-17,17.3
2018-04-18,17.3
2018-04-19,18.9
2018-04-22,20.7
2018-04-23,22.7
2018-04-24,22.1
2018-04-25,22.2
2018-04-26,21.3
2018-04-30,19.2
2018-05-03,18.6
2018-05-06,18.5
2018-05-07,18.9
2018-05-08,19.3
2018-05-09,20.7
2018-05-10,19.8
2018-05-13,19.4
2018-05-14,19.9
2018-05-15,19.4
2018-05-16,19.5
2018-05-17,18.8
2018-05-20,18.5
2018-05-21,18.9
2018-05-22,18.6
2018-05-23,17.2
2018-05-24,17.3
2018-05-27,17.0
2018-05-28,17.8
2018-05-29,17.7
2018-05-30,17.9
2018-05-31,17.7
2018-06-03,17.0
2018-06-04,17.0
2018-06-05,16.9
2018-06-06,17.9
2018-06-07,18.5
2018-06-10,18.3
2018-06-11,18.3
2018-06-12,18.5
2018-06-18,18.6
2018-06-19,17.8
2018-06-20,17.4
2018-06-21,16.6
2018-06-24,17.6
2018-06-25,18.2
2018-06-26,18.0
2018-06-27,17.2
2018-06-28,17.1
2018-07-02,16.8
2018-07-03,17.0
2018-07-04,16.8
2018-07-05,17.1
2018-07-08,16.5
2018-07-09,17.2
2018-07-10,17.2
2018-07-11,17.2
2018-07-12,16.8
2018-07-15,17.2
2018-07-16,17.0
2018-07-17,18.5
2018-07-18,20.3
2018-07-19,18.3
2018-07-22,16.5
2018-07-23,17.4
2018-07-24,16.7
2018-07-25,16.7
2018-07-26,17.0
2018-07-29,16.6
2018-07-30,15.6
2018-07-31,14.8
2018-08-01,14.1
2018-08-02,15.5
2018-08-05,16.5
2018-08-06,16.0
2018-08-07,14.5
2018-08-08,15.3
2018-08-09,14.2
2018-08-12,14.2
2018-08-13,13.1
2018-08-14,14.2
2018-08-16,15.0
2018-08-19,14.2
2018-08-20,15.5
2018-08-26,14.3
2018-08-27,15.2
2018-08-28,15.0
2018-08-29,14.9
2018-08-30,14.4
2018-09-03,14.5
2018-09-04,14.2
2018-09-05,14.2
2018-09-06,14.0
2018-09-09,13.6
2018-09-10,13.1
2018-09-11,14.2
2018-09-12,14.4
2018-09-13,13.9
2018-09-16,13.6
2018-09-17,13.9
2018-09-18,14.0
2018-09-19,14.8
2018-09-20,14.8
2018-09-23,14.6
2018-09-24,13.6
2018-09-25,13.2
2018-09-26,13.6
2018-09-27,13.4
2018-09-30,14.0
2018-10-01,14.0
2018-10-02,15.2
2018-10-03,15.1
2018-10-04,15.3
2018-10-07,16.0
2018-10-08,16.8
2018-10-09,16.2
2018-10-10,16.4
2018-10-11,15.7
2018-10-14,14.5
2018-10-15,15.1
2018-10-16,15.3
2018-10-17,15.5
2018-10-18,15.4
2018-10-21,16.5
2018-10-22,16.3
2018-10-23,17.2
2018-10-24,18.0
2018-10-25,19.8
2018-10-28,17.9
2018-10-29,16.1
2018-10-30,17.7
2018-10-31,18.0
2018-11-01,17.5
2018-11-04,17.7
2018-11-05,17.6
2018-11-06,17.9
2018-11-07,19.1
2018-11-08,19.7
2018-11-11,19.9
2018-11-12,19.7
2018-11-13,18.7
2018-11-14,18.9
2018-11-15,18.3
2018-11-18,19.4
2018-11-19,18.5
2018-11-22,19.0
2018-11-25,19.1
2018-11-26,20.8
2018-11-27,22.0
2018-11-28,23.4
2018-11-29,22.1
2018-12-02,22.0
2018-12-03,22.8
2018-12-04,24.1
2018-12-05,23.9
2018-12-06,24.3
2018-12-09,23.6
2018-12-10,21.5
2018-12-11,21.8
2018-12-12,23.7
2018-12-13,22.9
2018-12-17,22.5
2018-12-18,23.2
2018-12-19,23.2
2018-12-20,24.4
2018-12-23,26.8
2018-12-24,29.4
2018-12-26,32.3
2018-12-27,31.9
2019-01-01,35.0
2019-01-02,37.5
2019-01-03,35.7
2019-01-06,33.3
2019-01-07,32.8
2019-01-08,34.2
2019-01-09,37.6
2019-01-10,37.9
2019-01-13,37.6
2019-01-14,36.9
2019-01-15,37.5
2019-01-16,37.3
2019-01-17,35.8
2019-01-20,37.6
2019-01-21,38.0
2019-01-22,39.0
2019-01-23,42.6
2019-01-24,42.9
2019-01-27,45.1
2019-01-28,41.3
2019-01-29,43.3
2019-01-30,41.4
2019-01-31,41.5
2019-02-03,42.0
2019-02-04,41.5
2019-02-05,39.2
2019-02-06,39.3
2019-02-07,40.9
2019-02-10,40.7
2019-02-11,39.7
2019-02-12,39.9
2019-02-13,36.7
2019-02-14,34.9
2019-02-17,33.8
2019-02-18,30.5
2019-02-19,33.5
2019-02-20,36.8
2019-02-24,36.9
2019-02-25,38.2
2019-02-26,37.0
2019-02-27,35.6
2019-03-03,33.0
2019-03-04,34.3
2019-03-05,33.5
2019-03-06,32.8
2019-03-07,33.3
2019-03-10,33.7
2019-03-11,34.1
2019-03-12,33.3
2019-03-13,33.4
2019-03-14,33.4
2019-03-18,34.0
2019-03-19,34.7
2019-03-20,34.3
2019-03-21,34.6
2019-03-24,36.3
2019-03-25,36.6
2019-03-27,36.9
2019-03-28,37.3
2019-03-31,38.1
2019-04-01,40.0
2019-04-02,39.6
2019-04-03,39.1
2019-04-04,38.7
2019-04-07,37.9
2019-04-08,37.5
2019-04-09,37.6
2019-04-10,38.3
2019-04-11,39.1
2019-04-15,40.2
2019-04-16,39.6
2019-04-17,38.8
2019-04-18,39.9
2019-04-21,39.9
2019-04-23,38.0
2019-04-24,36.9
2019-04-25,37.7
2019-04-28,37.3
2019-04-29,37.6
2019-04-30,38.4
2019-05-02,37.9
2019-05-05,36.8
2019-05-06,35.7
2019-05-07,35.4
2019-05-08,34.8
2019-05-09,35.0
2019-05-12,35.2
2019-05-13,36.2
2019-05-14,35.7
2019-05-15,35.3
2019-05-16,35.4
2019-05-19,35.1
2019-05-20,34.1
2019-05-21,33.8
2019-05-22,33.2
2019-05-23,33.7
2019-05-26,34.3
2019-05-27,33.6
2019-05-28,33.5
2019-05-29,33.2
2019-05-30,32.9
2019-06-09,32.2
2019-06-10,31.0
2019-06-11,32.9
2019-06-12,34.4
2019-06-13,34.9
2019-06-16,34.9
2019-06-17,34.1
2019-06-18,33.1
2019-06-19,33.4
2019-06-20,33.5
2019-06-23,33.1
2019-06-24,33.0
2019-06-25,32.7
2019-06-26,32.7
2019-06-27,32.7
2019-06-30,31.9
2019-07-02,31.6
2019-07-03,32.1
2019-07-04,33.9
2019-07-07,33.5
2019-07-08,34.3
2019-07-09,34.2
2019-07-10,33.2
2019-07-11,31.5
2019-07-14,30.3
2019-07-15,29.7
2019-07-16,29.7
2019-07-17,30.0
2019-07-18,33.0
2019-07-21,33.2
2019-07-22,34.0
2019-07-23,37.4
2019-07-24,36.8
2019-07-25,37.5
2019-07-28,37.0
2019-07-29,36.3
2019-07-30,35.4
2019-07-31,36.5
2019-08-01,36.4
2019-08-04,36.2
2019-08-05,35.6
2019-08-06,35.5
2019-08-07,35.1
2019-08-08,36.0
2019-08-18,34.8
2019-08-19,35.5
2019-08-20,34.7
2019-08-21,35.0
2019-08-22,35.2
2019-08-25,35.1
2019-08-26,34.4
2019-08-27,34.5
2019-08-28,34.3
2019-08-29,33.5
2019-09-01,32.7
2019-09-02,32.8
2019-09-03,33.7
2019-09-04,34.9
2019-09-05,37.3
2019-09-08,35.8
2019-09-09,35.7
2019-09-11,35.7
2019-09-12,35.8
2019-09-15,34.4
2019-09-16,33.5
2019-09-17,33.9
2019-09-18,33.0
2019-09-19,33.1
2019-09-22,33.3
2019-09-23,34.1
2019-09-24,33.1
2019-09-25,33.2
2019-09-26,33.4
2019-09-29,32.7
2019-09-30,32.5
2019-10-01,33.4
2019-10-02,33.7
2019-10-03,33.5
2019-10-06,32.1
2019-10-07,32.0
2019-10-09,31.7
2019-10-10,30.1
2019-10-13,31.5
2019-10-14,31.4
2019-10-15,32.0
2019-10-16,32.0
2019-10-17,30.2
2019-10-20,31.2
2019-10-21,30.2
2019-10-22,27.4
2019-10-23,26.8
2019-10-24,29.3
2019-10-27,31.3
2019-10-28,28.7
2019-10-29,25.9
2019-10-30,28.4
2019-10-31,28.1
2019-11-03,27.0
2019-11-04,26.0
2019-11-05,28.6
2019-11-06,31.4
2019-11-07,31.8
2019-11-11,32.7
2019-11-12,32.8
2019-11-13,32.1
2019-11-14,30.0
2019-11-17,29.0
2019-11-18,28.2
2019-11-19,28.5
2019-11-20,28.4
2019-11-21,28.1
2019-11-24,28.4
2019-11-26,27.9
2019-11-27,27.1
2019-11-28,27.8
2019-12-01,26.1
2019-12-02,26.6
2019-12-03,27.5
2019-12-04,28.1
2019-12-05,30.9
2019-12-08,31.9
2019-12-09,31.5
2019-12-10,31.8
2019-12-11,31.3
2019-12-12,31.6
2019-12-15,32.7
2019-12-17,32.2
2019-12-18,34.6
2019-12-19,33.9
2019-12-22,34.0
2019-12-23,33.2
2019-12-24,32.0
2019-12-26,32.7
2019-12-29,32.5
2019-12-30,32.6
2020-01-01,31.8
2020-01-02,31.3
2020-01-05,30.8
2020-01-06,29.6
2020-01-07,29.1
2020-01-08,28.4
2020-01-09,26.7
2020-01-12,29.3
2020-01-13,28.7
2020-01-14,27.7
2020-01-15,29.6
2020-01-16,28.7
2020-01-19,31.1
2020-01-20,30.7
2020-01-21,30.1
2020-01-22,29.5
2020-01-23,29.5
2020-01-26,30.6
2020-01-27,31.3
2020-01-28,31.6
2020-01-29,33.7
2020-01-30,32.1
2020-02-02,32.0
2020-02-03,30.9
2020-02-04,30.7
2020-02-05,30.3
2020-02-06,29.8
2020-02-09,28.8
2020-02-10,28.3
2020-02-11,29.5
2020-02-12,29.0
2020-02-13,29.4
2020-02-16,29.1
2020-02-17,29.0
2020-02-18,30.1
2020-02-19,29.7
2020-02-20,30.5
2020-02-23,32.1
2020-02-24,32.6
2020-02-25,33.2
2020-02-26,31.9
2020-02-27,30.8
2020-03-01,31.4
2020-03-02,32.9
2020-03-03,32.2
2020-03-04,31.5
2020-03-05,31.6
2020-03-08,29.9
2020-03-09,27.0
2020-03-10,28.5
2020-03-11,28.8
2020-03-12,27.0
2020-03-15,24.4
2020-03-16,22.2
2020-03-18,20.0
2020-03-19,23.7
2020-03-22,24.5
2020-03-23,24.5
2020-03-24,24.5
2020-03-25,24.5
2020-05-31,24.5
2020-06-01,24.5
2020-06-02,24.5
2020-06-03,24.5
2020-06-09,24.5
2020-06-10,24.5
2020-06-17,24.5
2020-06-28,24.5
2020-06-30,24.5
2020-07-07,24.5
2020-07-08,24.5
2020-07-09,24.5
2020-07-12,24.5
2020-07-13,24.5
2020-07-14,24.5
2020-07-15,24.5
2020-07-16,24.5
2020-07-19,24.5
2020-07-20,24.5
2020-07-21,24.5
2020-07-22,24.5
2020-07-23,24.5
2020-07-26,24.5
2020-07-28,24.5
2020-07-29,24.5
2020-07-30,24.5
2020-08-03,24.5
2020-08-04,24.7
2020-08-05,26.7
2020-08-06,25.9
2020-08-09,26.1
2020-08-10,25.5
2020-08-12,25.2
2020-08-13,25.0
2020-08-16,25.5
2020-08-17,25.8
2020-08-18,25.4
2020-08-19,24.7
2020-08-20,24.6
2020-08-23,25.0
2020-08-24,24.8
2020-08-25,25.0
2020-08-26,25.1
2020-08-27,25.2
2020-08-31,26.9
2020-09-01,29.4
2020-09-02,30.6
2020-09-03,28.8
2020-09-06,29.3
2020-09-07,30.0
2020-09-08,31.4
2020-09-09,30.8
2020-09-10,30.8
2020-09-13,30.5
2020-09-14,29.4
2020-09-15,29.6
2020-09-16,30.0
2020-09-17,29.7
2020-09-20,28.0
2020-09-21,27.3
2020-09-22,27.1
2020-09-23,28.1
2020-09-24,28.9
2020-09-27,27.9
2020-09-28,27.7
2020-09-29,27.7
2020-09-30,27.2
2020-10-01,27.5
2020-10-04,27.7
2020-10-05,27.5
2020-10-06,27.7
2020-10-07,28.9
2020-10-08,27.9
2020-10-11,26.0
2020-10-12,25.6
2020-10-13,25.5
2020-10-14,25.0
2020-10-15,24.6
2020-10-18,24.5
2020-10-19,24.7
2020-10-20,24.5
2020-10-21,24.5
2020-10-22,24.5
2020-10-25,24.5
2020-10-27,24.5
2020-10-28,24.5
2020-10-29,24.5
2020-11-01,24.5
2020-11-02,24.5
2020-11-04,24.5
2020-11-05,24.5
2020-11-08,24.5
2020-11-12,24.5
2020-11-15,24.5
2020-11-16,24.5
2020-11-19,24.5
2020-11-22,24.5
2020-11-23,24.5
2020-11-24,24.5
2020-11-26,24.5
2020-11-29,24.5
2020-11-30,24.5
2020-12-01,24.5
2020-12-02,24.5
2020-12-03,24.5
2020-12-06,24.5
2020-12-09,24.5
2020-12-10,24.5
2020-12-13,24.5
2020-12-14,24.5
2020-12-15,24.5
2020-12-17,24.5
2020-12-20,24.5
2020-12-22,24.5
2020-12-23,24.5
2020-12-24,24.5
2020-12-27,24.5
2020-12-28,24.5
2020-12-29,24.5
2020-12-30,24.5
2021-01-03,24.5
2021-01-04,24.5
2021-01-05,24.5
2021-01-06,24.5
2021-01-07,24.5
2021-01-10,24.5
2021-01-11,24.5
2021-01-12,24.5
2021-01-13,24.5
2021-01-14,24.5
2021-01-17,24.5
2021-01-18,24.5
2021-01-20,24.5
2021-01-21,24.5
2021-01-24,24.5
2021-01-25,24.5
2021-01-26,24.5
2021-01-28,24.5
2021-01-31,24.5
2021-02-01,24.5
2021-02-02,24.5
2021-02-03,24.5
2021-02-04,24.5
2021-02-07,24.5
2021-02-08,24.5
2021-02-10,24.5
2021-02-16,24.5
2021-02-22,24.5
2021-02-28,24.5
2021-03-01,24.5
2021-03-02,24.5
2021-03-03,24.5
2021-03-07,24.5
2021-03-08,24.5
2021-03-14,24.5
2021-03-16,24.5
2021-03-18,24.5
2021-03-22,24.5
2021-03-24,24.5
2021-03-29,24.5
2021-03-31,24.5
2021-04-01,24.5
2021-04-05,24.5
2021-04-06,24.5
2021-04-07,24.5
2021-04-08,22.1
2021-04-13,21.7
2021-04-15,21.3
2021-04-18,20.9
2021-04-19,20.5
2021-04-20,20.1
2021-04-21,19.7
2021-04-22,19.4
2021-04-25,19.1
2021-04-26,18.8
2021-04-27,18.5
2021-04-28,18.2
2021-04-29,17.9
2021-05-02,18.1
2021-05-03,17.8
2021-05-04,17.5
2021-05-05,17.2
2021-05-06,16.9
2021-05-09,17.1
2021-05-11,17.8
2021-05-12,19.5
2021-05-16,20.8
2021-05-17,20.4
2021-05-18,20.0
2021-05-19,19.6
2021-05-20,19.3
2021-05-23,19.0
2021-05-24,18.7
2021-05-25,18.4
2021-05-27,19.4
2021-05-30,19.1
2021-05-31,18.8
2021-06-01,18.5
2021-06-02,18.2
2021-06-03,18.2
2021-06-06,18.3
2021-06-07,19.0
2021-06-08,18.8
2021-06-09,19.3
2021-06-10,21.2
2021-06-13,20.9
2021-06-14,20.5
2021-06-15,20.3
2021-06-16,20.2
2021-06-17,19.9
2021-06-20,19.3
2021-06-21,21.0
2021-06-22,22.8
2021-06-23,22.4
2021-06-24,24.6
2021-06-27,27.0
2021-06-28,28.0
2021-06-29,26.0
2021-06-30,25.5
2021-07-05,26.5
2021-07-06,24.8
2021-07-07,25.1
2021-07-08,24.9
2021-07-12,24.0
2021-07-13,24.2
2021-07-14,25.8
2021-07-15,25.1
2021-07-18,24.7
2021-07-19,24.6
2021-07-25,23.6
2021-07-26,24.0
2021-07-27,24.1
2021-07-28,25.1
2021-07-29,25.6
2021-08-02,25.4
2021-08-03,24.6
2021-08-05,25.2
2021-08-09,25.3
2021-08-10,25.4
2021-08-11,24.7
2021-08-12,24.9
2021-08-16,25.2
2021-08-17,24.4
2021-08-18,24.1
2021-08-19,25.1
2021-08-22,27.6
2021-08-23,28.2
2021-08-24,27.3
2021-08-25,26.9
2021-08-26,26.3
2021-08-29,27.3
2021-08-31,27.0
2021-09-01,26.7
2021-09-02,26.8
2021-09-05,26.9
2021-09-06,27.4
2021-09-07,27.1
2021-09-08,27.2
2021-09-09,26.3
2021-09-12,24.9
2021-09-13,25.5
2021-09-14,24.9
2021-09-15,24.8
2021-09-16,24.5
2021-09-19,24.5
2021-09-20,24.7
2021-09-21,24.8
2021-09-22,25.1
2021-09-23,24.5
2021-09-26,24.2
2021-09-27,23.7
2021-09-28,23.6
2021-09-29,23.5
2021-09-30,23.4
2021-10-03,23.4
2021-10-04,22.8
2021-10-05,22.3
2021-10-06,21.4
2021-10-07,21.9
2021-10-10,22.1
2021-10-11,21.6
2021-10-12,21.4
2021-10-13,20.8
2021-10-14,20.8
2021-10-17,19.9
2021-10-18,18.8
2021-10-19,20.4
2021-10-21,21.3
2021-10-24,19.8
2021-10-25,18.5
2021-10-26,19.1
2021-10-27,18.8
2021-10-28,18.4
2021-10-31,20.2
2021-11-01,19.5
2021-11-02,19.4
2021-11-03,18.8
2021-11-04,18.4
2021-11-07,18.2
2021-11-08,18.3
2021-11-09,18.3
2021-11-10,18.6
2021-11-11,18.6
2021-11-14,18.5
2021-11-15,18.5
2021-11-16,18.7
2021-11-17,18.5
2021-11-18,18.2
2021-11-21,17.4
2021-11-22,16.7
2021-11-23,16.9
2021-11-24,17.0
2021-11-25,16.9
2021-11-29,16.9
2021-11-30,16.8
2021-12-01,17.0
2021-12-02,16.8
2021-12-05,17.2
2021-12-06,17.4
2021-12-07,17.9
2021-12-08,18.0
2021-12-09,19.3
2021-12-12,20.1
2021-12-13,19.4
2021-12-14,18.8
2021-12-15,18.4
2021-12-19,18.0
2021-12-20,17.6
2021-12-21,17.9
2021-12-22,18.1
2021-12-23,17.7
2021-12-26,17.1
2021-12-27,16.9
2021-12-28,17.5
2021-12-29,17.2
2021-12-30,17.4
2022-01-02,17.7
2022-01-03,18.3
2022-01-04,17.7
2022-01-05,18.4
2022-01-06,18.2
2022-01-09,18.2
2022-01-10,18.2
2022-01-11,17.9
2022-01-12,18.0
2022-01-13,17.7
2022-01-16,18.1
2022-01-17,18.0
2022-01-18,18.1
2022-01-19,19.5
2022-01-20,19.1
2022-01-23,20.3
2022-01-24,21.5
2022-01-25,21.7
2022-01-26,21.6
2022-01-27,22.6
2022-01-30,22.3
2022-01-31,23.5
2022-02-01,23.9
2022-02-02,22.8
2022-02-03,22.9
2022-02-06,22.7
2022-02-07,21.6
2022-02-08,21.7
2022-02-09,23.5
2022-02-10,24.3
2022-02-13,25.9
2022-02-14,25.0
2022-02-15,26.7
2022-02-16,26.7
2022-02-17,26.8
2022-02-20,26.3
2022-02-22,25.5
2022-02-23,25.8
2022-02-24,24.9
2022-02-27,23.4
2022-02-28,24.6
2022-03-01,23.6
2022-03-02,23.5
2022-03-03,23.4
2022-03-06,23.4
2022-03-07,22.6
2022-03-08,23.3
2022-03-09,25.0
2022-03-10,25.5
2022-03-13,26.4
2022-03-14,28.6
2022-03-15,28.3
2022-03-16,27.8
2022-03-20,27.3
2022-03-21,27.6
2022-03-22,28.6
2022-03-23,28.1
2022-03-24,27.8
2022-03-27,27.3
2022-03-28,26.9
2022-03-29,27.0
2022-03-30,26.5
2022-03-31,26.7
2022-04-03,26.3
2022-04-04,25.8
2022-04-05,25.5
2022-04-06,25.4
2022-04-07,25.9
2022-04-10,27.3
2022-04-11,26.8
2022-04-12,26.3
2022-04-13,26.0
2022-04-17,26.0
2022-04-18,25.5
2022-04-19,26.0
2022-04-20,26.7
2022-04-21,26.1
2022-04-24,27.2
2022-04-25,27.0
2022-04-26,26.8
2022-04-27,27.7
2022-04-28,28.4
2022-05-05,28.6
2022-05-08,29.1
2022-05-09,29.0
2022-05-10,31.0
2022-05-11,31.5
2022-05-12,32.3
2022-05-16,33.1
2022-05-17,32.6
2022-05-18,31.1
2022-05-19,30.0
2022-05-22,28.6
2022-05-23,30.1
2022-05-24,28.6
2022-05-25,28.1
2022-05-26,29.2
2022-05-29,30.8
2022-05-30,31.9
2022-05-31,34.5
2022-06-01,34.9
2022-06-02,34.3
2022-06-05,33.8
2022-06-06,36.1
2022-06-07,35.4
2022-06-08,34.8
2022-06-09,35.1
2022-06-12,36.0
2022-06-13,36.0
2022-06-14,35.8
2022-06-15,35.4
2022-06-16,35.3
2022-06-19,34.6
2022-06-20,35.7
2022-06-21,36.3
2022-06-22,37.6
2022-06-23,39.3
2022-06-26,41.0
2022-06-27,44.2
2022-06-28,43.4
2022-06-29,45.2
2022-06-30,46.2
2022-07-03,45.4
2022-07-04,46.6
2022-07-05,46.7
2022-07-06,48.1
2022-07-07,51.9
2022-07-12,53.0
2022-07-13,52.0
2022-07-14,51.0
2022-07-17,50.0
2022-07-18,49.0
2022-07-19,48.1
2022-07-20,47.3
2022-07-21,48.4
2022-07-24,50.1
2022-07-25,50.8
2022-07-26,49.9
2022-07-27,49.0
2022-07-28,48.2
2022-07-31,53.6
2022-08-01,56.8
2022-08-02,58.1
2022-08-03,59.7
2022-08-04,61.4
2022-08-07,64.9
2022-08-08,66.0
2022-08-10,61.4
2022-08-11,65.0
2022-08-14,71.5
2022-08-16,78.1
2022-08-17,77.6
2022-08-21,75.2
2022-08-22,75.1
2022-08-23,70.8
2022-08-24,74.2
2022-08-25,71.5
2022-08-28,64.7
2022-08-29,67.6
2022-08-30,66.0
2022-08-31,60.2
2022-09-01,66.2
2022-09-04,72.3
2022-09-05,65.1
2022-09-06,66.2
2022-09-07,62.3
2022-09-08,63.3
2022-09-11,60.0
2022-09-12,54.6
2022-09-13,60.0
2022-09-14,61.7
2022-09-15,62.9
2022-09-18,60.2
2022-09-19,54.7
2022-09-20,52.0
2022-09-21,50.5
2022-09-22,51.0
2022-09-25,52.0
2022-09-26,50.5
2022-09-27,49.6
2022-09-28,49.7
2022-09-29,49.6
2022-10-02,50.1
2022-10-03,52.1
2022-10-04,50.1
2022-10-06,49.6
2022-10-10,49.6
2022-10-11,49.6
2022-10-12,49.6
2022-10-13,49.6
2022-10-16,49.6
2022-10-17,49.6
2022-10-18,49.6
2022-10-19,49.6
2022-10-20,49.6
2022-10-23,49.6
2022-10-24,49.6
2022-10-25,49.6
2022-10-26,49.6
2022-10-27,49.6
2022-10-30,49.6
2022-10-31,49.6
2022-11-01,49.6
2022-11-02,49.6
2022-11-03,49.6
2022-11-06,49.6
2022-11-07,49.6
2022-11-08,49.6
2022-11-09,49.6
2022-11-10,49.6
2022-11-13,49.6
2022-11-14,49.6
2022-11-15,49.6
2022-11-16,49.6
2022-11-17,49.6
2022-11-20,49.6
2022-11-22,49.6
2022-11-23,49.6
2022-11-24,49.6
2022-11-27,49.6
2022-11-28,49.6
2022-11-29,49.6
2022-11-30,49.6
2022-12-01,49.6
2022-12-04,49.6
2022-12-05,49.6
2022-12-06,49.6
2022-12-11,49.6
2022-12-12,49.6
2022-12-13,49.6
2022-12-22,49.2
2022-12-26,48.8
2022-12-27,48.4
2022-12-28,48.0
2022-12-29,47.6
2023-01-01,47.2
2023-01-02,46.8
2023-01-03,46.4
2023-01-04,46.0
2023-01-05,45.6
2023-01-08,45.2
2023-01-09,44.8
2023-01-10,44.4
2023-01-11,44.0
2023-01-12,43.6
2023-01-15,43.2
2023-01-16,42.8
2023-01-17,42.4
2023-01-18,42.0
2023-01-19,41.6
2023-01-22,41.2
2023-01-23,40.8
2023-01-24,40.4
2023-01-25,40.0
2023-01-26,39.6
2023-01-29,39.3
2023-01-30,39.0
2023-01-31,38.7
2023-02-01,38.4
2023-02-02,38.1
2023-02-05,37.8
2023-02-06,37.5
2023-02-07,37.2
2023-02-08,36.9
2023-02-09,36.6
2023-02-12,36.3
2023-02-13,36.0
2023-02-14,35.7
2023-02-15,35.4
2023-02-16,35.1
2023-02-19,34.8
2023-02-20,34.5
2023-02-22,34.2
2023-02-23,33.9
2023-02-26,33.6
2023-02-27,33.3
2023-02-28,33.0
2023-03-01,32.7
2023-03-02,33.1
2023-03-05,33.1
2023-03-06,33.1
2023-03-07,33.1
2023-03-09,33.1
2023-03-12,33.1
2023-03-13,33.1
2023-03-14,33.1
2023-03-20,33.1
2023-03-21,33.1
2023-03-22,33.1
2023-03-23,33.1
2023-03-27,33.1
2023-03-28,33.1
2023-03-29,33.1
2023-03-30,33.1
2023-04-02,33.1
2023-04-03,33.1
2023-04-04,33.1
2023-04-05,33.1
2023-04-06,33.1
2023-04-09,33.1
2023-04-12,33.1
2023-04-13,33.1
2023-04-16,33.1
2023-04-17,33.1
2023-04-18,33.1
2023-04-24,33.1
2023-04-25,33.1
2023-04-26,33.1
2023-04-27,33.1
2023-04-30,33.1
2023-05-02,33.1
2023-05-03,33.1
2023-05-07,33.1
2023-05-08,33.1
2023-05-09,33.1
2023-05-10,33.1
2023-05-11,33.1
2023-05-14,33.1
2023-05-15,33.1
2023-05-16,33.1
2023-05-17,33.1
2023-05-18,33.1
2023-05-21,33.1
2023-05-22,33.1
2023-05-23,33.1
2023-05-24,33.1
2023-05-25,33.1
2023-05-28,33.1
2023-05-29,33.1
2023-05-30,33.1
2023-05-31,33.1
2023-06-01,33.1
2023-06-04,33.1
2023-06-05,33.1
2023-06-06,33.1
2023-06-07,33.1
2023-06-08,33.1
2023-06-11,33.1
2023-06-12,33.1
2023-06-13,33.1
2023-06-14,33.1
2023-06-15,33.1
2023-06-18,33.1
2023-06-20,33.1
2023-06-21,33.1
2023-06-22,33.1
2023-06-25,33.1
2023-06-26,33.1
2023-07-02,36.3
2023-07-03,39.9
2023-07-04,40.5
2023-07-05,40.5
2023-07-06,37.0
2023-07-09,40.7
2023-07-10,38.1
2023-07-11,36.8
2023-07-12,36.0
2023-07-13,38.3
2023-07-16,37.6
2023-07-17,36.2
2023-07-18,36.1
2023-07-19,36.3
2023-07-20,37.3
2023-07-23,36.4
2023-07-24,34.7
2023-07-25,33.6
2023-07-26,33.5
2023-07-27,34.0
2023-07-30,34.4
2023-07-31,33.7
2023-08-01,33.3
2023-08-02,33.1
2023-08-03,33.1
2023-08-06,33.1
2023-08-07,33.1
2023-08-08,33.1
2023-08-09,33.1
2023-08-10,33.1
2023-08-13,33.1
2023-08-14,33.1
2023-08-16,33.1
2023-08-17,33.1
2023-08-20,33.1
2023-08-21,34.4
2023-08-22,33.3
2023-08-23,33.1
2023-08-24,33.3
2023-08-27,33.1
2023-08-28,33.1
2023-08-29,33.1
2023-08-30,33.1
2023-08-31,33.1
2023-09-03,33.1
2023-09-04,33.1
2023-09-05,33.1
2023-09-07,33.1
2023-09-10,33.1
2023-09-11,33.1
2023-09-12,33.1
2023-09-13,33.1
2023-09-14,33.1
2023-09-17,33.1
2023-09-18,33.1
2023-09-19,33.1
2023-09-20,33.1
2023-09-21,33.1
2023-09-24,33.1
2023-09-25,33.1
2023-09-26,33.1
2023-09-27,33.1
2023-10-01,33.1
2023-10-02,33.1
2023-10-03,33.1
2023-10-04,33.1
2023-10-10,33.1
2023-10-12,33.1
2023-10-15,33.1
2023-10-17,33.1
2023-10-18,33.1
2023-10-19,33.1
2023-10-22,33.1
2023-10-23,33.1
2023-10-26,33.1
2023-10-29,33.1
2023-10-30,33.1
2023-10-31,33.1
2023-11-01,33.1
2023-11-02,33.1
2023-11-05,33.1
2023-11-06,33.1
2023-11-07,33.1
2023-11-09,33.1
2023-11-12,33.1
2023-11-13,33.1
2023-11-14,33.1
2023-11-15,33.1
2023-11-16,33.1
2023-11-20,33.1
2023-11-21,33.1
2023-11-22,33.1
2023-11-23,33.1
2023-11-26,33.1
2023-11-28,33.1
2023-11-29,33.1
2023-11-30,33.1
2023-12-03,33.1
2023-12-04,33.1
2023-12-05,33.1
2023-12-06,33.1
2023-12-07,33.1
2023-12-10,33.1
2023-12-11,33.1
2023-12-12,33.1
2023-12-13,36.1
2023-12-14,34.2
2023-12-17,33.8
2023-12-18,33.1
2023-12-19,33.8
2023-12-20,33.2
2023-12-21,33.1
2023-12-24,33.1
2023-12-26,33.1
2023-12-27,33.1
2023-12-28,33.1
2024-01-01,33.1
2024-01-02,33.1
2024-01-03,33.1
2024-01-04,33.1
2024-01-08,33.1
2024-01-09,33.1
2024-01-10,33.1
2024-01-11,33.1
2024-01-14,33.1
2024-01-15,33.1
2024-01-16,33.1
2024-01-17,33.1
2024-01-18,33.1
2024-01-21,29.8
2024-01-22,31.1
2024-01-23,30.6
2024-01-24,30.0
2024-01-25,28.2
2024-01-28,26.7
2024-01-29,27.0
2024-01-30,27.6
2024-01-31,26.4
2024-02-01,27.8
2024-02-04,29.0
2024-02-05,28.9
2024-02-06,28.3
2024-02-07,30.4
2024-02-08,29.7
2024-02-11,29.8
2024-02-12,29.4
2024-02-13,29.9
2024-02-14,30.8
2024-02-15,30.1
2024-02-18,29.0
2024-02-19,28.3
2024-02-20,28.3
2024-02-22,29.4
2024-02-25,28.7
2024-02-27,27.8
2024-02-28,28.2
2024-02-29,28.3
2024-03-03,28.6
2024-03-04,27.7
2024-03-05,27.2
2024-03-06,27.3
2024-03-07,26.8
2024-03-10,27.4
2024-03-11,26.9
2024-03-12,26.4
2024-03-13,26.9
2024-03-14,26.3
2024-03-18,25.2
2024-03-19,24.5
2024-03-20,25.2
2024-03-21,26.3
2024-03-24,25.6
2024-03-25,24.7
2024-03-27,23.9
2024-03-28,23.5
2024-03-31,24.1
2024-04-01,23.2
2024-04-02,23.3
2024-04-03,23.7
2024-04-04,24.4
2024-04-08,25.0
2024-04-09,24.7
2024-04-15,23.5
2024-04-16,23.6
2024-04-17,23.5
2024-04-18,23.1
2024-04-21,21.8
2024-04-22,21.8
2024-04-23,22.0
2024-04-24,22.1
2024-04-25,22.4
2024-04-28,24.6
2024-04-29,25.3
2024-04-30,27.5
2024-05-02,27.4
2024-05-05,26.6
2024-05-06,27.1
2024-05-07,26.3
2024-05-08,27.3
2024-05-09,28.7
2024-05-12,29.3
2024-05-13,28.5
2024-05-14,27.7
2024-05-15,26.9
2024-05-16,26.3
2024-05-19,25.6
2024-05-20,26.3
2024-05-21,25.6
2024-05-23,24.9
2024-05-26,24.2
2024-05-27,25.0
2024-05-28,24.3
2024-05-29,26.2
2024-05-30,28.3
2024-06-02,27.7
2024-06-03,27.5
2024-06-04,26.9
2024-06-05,26.2
2024-06-06,26.3
2024-06-09,25.8
2024-06-10,25.1
2024-06-11,24.5
2024-06-12,25.9
2024-06-13,26.8
2024-06-19,27.5
2024-06-20,27.3
2024-06-23,26.6
2024-06-24,26.9
2024-06-25,26.3
2024-06-26,26.7
2024-06-27,26.0
2024-06-30,25.9
2024-07-02,25.9
2024-07-03,26.0
2024-07-04,27.2
2024-07-07,27.5
2024-07-08,29.0
2024-07-09,29.4
2024-07-10,28.6
2024-07-11,27.8
2024-07-14,27.3
2024-07-15,28.9
2024-07-16,28.3
2024-07-18,27.5
2024-07-24,26.8
2024-07-25,27.6
2024-07-28,26.8
2024-07-29,26.0
2024-07-30,25.3
2024-07-31,25.0
2024-08-01,25.7
2024-08-04,25.0
2024-08-06,25.9
2024-08-07,25.6
2024-08-08,27.6
2024-08-11,27.3
2024-08-12,26.5
2024-08-13,26.8
2024-08-14,26.0
2024-08-15,26.1
2024-08-18,25.7
2024-08-19,25.6
2024-08-20,25.0
2024-08-21,24.3
2024-08-22,23.9
2024-08-25,23.2
2024-08-27,22.8
2024-08-28,23.2
2024-08-29,24.3
2024-09-01,25.0
2024-09-02,24.3
2024-09-03,23.2
2024-09-04,23.3
2024-09-05,23.3
2024-09-08,23.1
2024-09-09,23.7
2024-09-10,25.0
2024-09-11,24.7
2024-09-12,26.6
2024-09-15,27.6
2024-09-17,26.6
2024-09-18,26.7
2024-09-19,27.0
2024-09-22,26.4
2024-09-23,25.3
2024-09-24,25.7
2024-09-25,24.2
2024-09-26,22.6
2024-09-29,22.2
2024-09-30,22.6
2024-10-01,22.8
2024-10-02,21.1
2024-10-03,21.7
2024-10-06,22.1
2024-10-07,21.6
2024-10-08,21.3
2024-10-09,21.9
2024-10-14,21.8
2024-10-15,21.9
2024-10-16,21.6
2024-10-17,21.2
2024-10-20,19.1
2024-10-21,19.4
2024-10-22,19.5
2024-10-23,18.0
2024-10-24,17.7
2024-10-27,18.1
2024-10-28,18.0
2024-10-29,18.7
2024-10-30,20.2
2024-10-31,20.0
2024-11-03,20.2
2024-11-04,21.5
2024-11-05,22.2
2024-11-06,21.0
2024-11-07,20.7
2024-11-10,20.6
2024-11-11,21.9
2024-11-12,20.7
2024-11-13,20.5
2024-11-14,20.8
2024-11-18,21.2
2024-11-19,21.1
2024-11-20,21.1
2024-11-21,20.8
2024-11-24,20.8
2024-11-25,20.9
2024-11-26,22.0
2024-11-27,24.2
2024-11-28,23.9
2024-12-01,24.7
2024-12-02,24.0
2024-12-03,24.3
2024-12-04,23.7
2024-12-05,22.9
2024-12-08,25.1
2024-12-09,26.0
2024-12-10,26.9
2024-12-11,27.3
2024-12-12,26.0
2024-12-15,28.3
2024-12-17,28.1
2024-12-18,27.3
2024-12-19,28.2
2024-12-22,27.8
2024-12-23,28.8
2024-12-24,29.1
2024-12-26,28.6
2024-12-29,28.2
2024-12-30,28.9
2025-01-01,28.8
2025-01-02,30.0
2025-01-05,30.6
2025-01-06,31.7
2025-01-07,30.8
2025-01-08,31.3
2025-01-09,30.5
2025-01-12,30.6
2025-01-13,29.6
2025-01-14,29.9
2025-01-15,29.9
2025-01-16,29.4
2025-01-19,30.1
2025-01-20,32.5
2025-01-21,34.7
2025-01-22,34.5
2025-01-23,34.5
2025-01-26,36.6
2025-01-27,36.5
2025-01-28,36.6
2025-01-29,36.7
2025-01-30,38.0
2025-02-02,37.5
2025-02-03,38.0
2025-02-04,38.1
2025-02-05,36.9
2025-02-06,38.2
2025-02-09,38.7
2025-02-10,39.6
2025-02-11,40.7
2025-02-12,40.4
2025-02-13,41.4
2025-02-16,40.9
2025-02-17,41.2
2025-02-18,44.2
2025-02-19,44.9
2025-02-20,46.0
2025-02-23,45.6
2025-02-24,46.8
2025-02-25,46.1
2025-02-26,47.1
2025-02-27,49.1
2025-03-02,50.3
2025-03-03,51.5
2025-03-04,47.4
2025-03-05,43.0
2025-03-06,45.8
2025-03-09,45.9
2025-03-10,47.7
2025-03-11,47.1
2025-03-12,45.0
2025-03-13,45.1
2025-03-16,43.4
2025-03-17,43.8
2025-03-18,44.9
2025-03-19,43.1
2025-03-20,42.3
2025-03-23,41.7
2025-03-24,42.7
2025-03-25,43.6
2025-03-27,43.8
2025-04-06,42.4
2025-04-07,40.3
2025-04-08,39.0
2025-04-09,36.1
2025-04-10,38.0
2025-04-13,36.5
2025-04-15,33.0
2025-04-16,31.5
2025-04-17,32.9
2025-04-20,34.9
2025-04-21,33.4
2025-04-22,34.1
2025-04-23,35.0
2025-04-24,33.1
2025-04-27,34.2
2025-04-28,32.7
2025-04-29,33.3
2025-04-30,33.8
2025-05-04,34.7
2025-05-05,34.0
2025-05-06,32.5
2025-05-07,29.3
2025-05-08,30.0
2025-05-12,30.1
2025-05-13,29.5
2025-05-14,27.8
2025-05-15,25.3
2025-05-18,30.5
2025-05-19,33.5
2025-05-20,34.8
2025-05-21,37.6
2025-05-22,41.3
2025-05-24,40.4
2025-05-25,42.8
2025-05-26,42.5
2025-05-27,38.6
2025-05-28,35.6
2025-05-29,37.4
2025-06-01,36.3
2025-06-02,34.5
2025-06-03,32.2
2025-06-04,35.3
2025-06-15,36.7
2025-06-16,36.5
2025-06-17,36.6
2025-06-18,36.1
2025-06-19,36.7
2025-06-22,36.0
2025-06-23,38.2
2025-06-24,37.4
2025-06-25,36.8
2025-06-26,37.5
2025-06-29,36.9
2025-06-30,36.7
2025-07-02,36.2
2025-07-03,35.6
2025-07-07,35.2
2025-07-08,35.6
2025-07-09,35.3
2025-07-10,35.7
2025-07-13,34.8
2025-07-14,34.9
2025-07-15,36.4
2025-07-16,35.8
2025-07-17,35.6
2025-07-20,35.3
2025-07-21,34.8
2025-07-22,34.1
2025-07-23,33.9
2025-07-24,34.0
2025-07-27,33.1
2025-07-28,34.7
2025-07-29,34.6
2025-07-30,35.2
2025-07-31,34.5
2025-08-03,34.1
2025-08-04,33.6
2025-08-06,33.9
2025-08-07,33.1
2025-08-10,33.3
2025-08-11,33.5
2025-08-12,35.6
2025-08-13,35.6
2025-08-14,36.4
2025-08-17,35.8
2025-08-18,35.1
2025-08-19,37.0
2025-08-20,36.2
2025-08-21,36.1
2025-08-24,38.1
2025-08-25,39.1
2025-08-26,38.1
2025-08-27,38.6
2025-08-28,38.4
2025-08-31,37.5
2025-09-01,37.6
2025-09-02,38.2
2025-09-03,37.5
2025-09-04,36.6
2025-09-07,37.9
2025-09-08,37.5
2025-09-09,36.4
2025-09-10,34.8
2025-09-11,35.8
2025-09-14,35.2
2025-09-15,35.0
2025-09-16,35.4
2025-09-17,35.6
2025-09-18,34.5
2025-09-21,33.3
2025-09-22,32.5
2025-09-23,32.9
2025-09-24,33.9
2025-09-25,34.1
2025-09-28,33.1
2025-09-29,33.3
2025-09-30,33.5
2025-10-05,33.6
2025-10-06,32.5
2025-10-07,31.6
2025-10-08,31.0
2025-10-09,30.5
2025-10-12,29.1
2025-10-13,29.0
2025-10-14,28.7
2025-10-15,26.9
2025-10-16,26.9
2025-10-19,25.2
2025-10-20,26.1
2025-10-21,28.6
2025-10-22,29.2
2025-10-23,28.4
2025-10-26,28.7
2025-10-27,25.6
2025-10-28,24.1
2025-10-29,26.0
2025-10-30,25.9
2025-11-02,26.2
2025-11-03,26.1
2025-11-04,24.8
2025-11-05,24.0
2025-11-06,22.9
2025-11-09,22.4
2025-11-10,21.9
2025-11-11,23.1
2025-11-12,22.7
2025-11-13,21.8
2025-11-16,23.7
2025-11-17,23.3
2025-11-19,25.6
2025-11-20,25.8
2025-11-23,26.5
2025-11-24,27.7
2025-11-25,27.1
2025-11-26,27.1
2025-11-27,27.1
2025-11-30,26.5
2025-12-01,25.2
2025-12-02,26.0
2025-12-03,26.7
2025-12-04,25.6
2025-12-07,25.3
2025-12-08,26.2
2025-12-09,28.8
2025-12-10,30.2
2025-12-11,32.2
2025-12-14,30.5
2025-12-15,30.7
2025-12-17,29.7
2025-12-18,28.6
2025-12-21,29.1
2025-12-22,29.1
2025-12-23,28.3
2025-12-24,28.4
2025-12-28,29.0
2025-12-29,30.9
2025-12-30,30.9
2026-01-01,30.5
2026-01-04,30.0
2026-01-05,30.9
2026-01-06,30.9
2026-01-07,30.7
2026-01-08,32.3
2026-01-11,31.1
2026-01-12,31.5
2026-01-13,31.0
2026-01-14,30.6
2026-01-15,30.4
2026-01-18,31.7
2026-01-19,31.6
2026-01-20,31.2
2026-01-21,31.5
2026-01-22,32.1
2026-01-25,31.3
2026-01-26,31.0
2026-01-27,30.9
2026-01-28,30.7
2026-01-29,30.3
2026-02-01,31.4
2026-02-02,31.6
2026-02-03,31.7
2026-02-05,31.4
2026-02-08,30.9
2026-02-09,31.7
2026-02-10,31.7
2026-02-15,32.1
2026-02-16,33.1
2026-02-17,35.6
2026-02-18,35.0
2026-02-19,34.4
2026-02-22,37.5
2026-02-23,39.3
2026-02-24,42.6
2026-02-25,42.9
2026-02-26,44.5
2026-03-01,41.9
2026-03-02,42.0
2026-03-03,42.2
2026-03-04,38.8
2026-03-05,36.8
2026-03-08,34.0
2026-03-09,35.7
2026-03-10,36.1
2026-03-11,38.7
2026-03-12,38.2
2026-03-15,39.4
2026-03-16,39.2
2026-03-24,37.7
2026-03-25,37.5
2026-03-29,39.1
2026-03-30,38.4
2026-03-31,37.6
2026-04-01,38.0
2026-04-02,40.0
2026-04-05,40.4
2026-04-06,39.4
2026-04-07,39.2
2026-04-08,40.5
2026-04-09,38.5
2026-04-12,38.5
2026-04-13,38.7
2026-04-15,38.0
2026-04-16,37.7
2026-04-19,38.3
2026-04-20,38.7
2026-04-21,38.9
2026-04-22,39.0
2026-04-23,37.8
2026-04-26,36.6
2026-04-27,36.4
2026-04-28,35.2
2026-04-29,35.3
2026-04-30,35.5
2026-05-03,36.3
2026-05-04,36.6
2026-05-05,35.8
2026-05-06,35.3
2026-05-07,34.8
2026-05-10,33.9
2026-05-11,35.4
2026-05-12,35.1
2026-05-13,37.6
2026-05-14,39.3
2026-05-17,40.1
2026-05-18,41.5
2026-05-19,41.8
2026-05-20,42.7
2026-05-21,42.9
2026-05-23,44.9
2026-05-24,45.0
2026-06-01,49.5
2026-06-02,54.4
2026-06-03,59.4
2026-06-04,65.3
2026-06-07,71.8
2026-06-08,78.9
2026-06-09,83.4
2026-06-10,81.2
2026-06-11,79.2
2026-06-14,79.6
2026-06-15,87.5
2026-06-16,84.0
2026-06-17,78.6
2026-06-18,80.0
2026-06-21,78.7
2026-06-22,75.5
2026-06-23,81.2
2026-06-24,87.6
2026-06-25,96.0
2026-06-28,93.9
2026-06-29,94.7
2026-06-30,96.7
2026-07-02,96.2
2026-07-05,94.1
2026-07-06,96.5
2026-07-07,99.3
2026-07-08,95.8
2026-07-09,95.3
2026-07-12,93.3
2026-07-13,91.5
2026-07-14,93.1
2026-07-15,88.0
2026-07-16,86.7
2026-07-19,82.6
2026-07-20,90.8
2026-07-21,92.3
2026-07-22,96.7
2026-07-23,95.4
2026-07-26,96.5
2026-07-27,96.4
2026-07-28,98.9
2026-07-29,106.9
2026-07-30,109.3
2026-08-02,105.4
2026-08-03,105.1
2026-08-04,105.0
2026-08-06,108.9
2026-08-09,115.0
2026-08-10,111.9
2026-08-11,118.5
2026-08-12,116.8
2026-08-13,120.2
2026-08-16,121.6
2026-08-17,118.6
2026-08-18,118.3
2026-08-19,114.2
2026-08-20,113.9
2026-08-23,110.9
2026-08-24,103.7
2026-08-25,106.9
2026-08-27,105.7
2026-08-30,103.1
2026-08-31,101.0
2026-09-01,102.4
2026-09-02,101.3
2026-09-03,100.6
2026-09-06,90.6
2026-09-07,92.6
2026-09-08,89.0
2026-09-09,91.6
2026-09-10,88.0
2026-09-13,86.0
2026-09-14,87.4
2026-09-15,94.9
2026-09-16,93.2
2026-09-17,97.2
